candidate,family,fold,repeat,split,validation_samples,validation_fail,selected_features,removed_high_missing,removed_uninformative,removed_duplicate,threshold,pr_auc_average_precision,fail_recall,precision,f1,balanced_accuracy,false_alarm_rate,accuracy,tn,fp,fn,tp
dummy_prior,dummy,0,0,0,235,16,444,24,122,0,0.5,0.06808510638297872,0.0,0.0,0.0,0.5,0.0,0.9319148936170213,219,0,16,0
dummy_prior,dummy,1,0,1,235,16,444,24,122,0,0.5,0.06808510638297872,0.0,0.0,0.0,0.5,0.0,0.9319148936170213,219,0,16,0
dummy_prior,dummy,2,0,2,235,16,444,24,122,0,0.5,0.06808510638297872,0.0,0.0,0.0,0.5,0.0,0.9319148936170213,219,0,16,0
dummy_prior,dummy,3,0,3,235,16,444,24,122,0,0.5,0.06808510638297872,0.0,0.0,0.0,0.5,0.0,0.9319148936170213,219,0,16,0
dummy_prior,dummy,4,0,4,235,16,444,24,122,0,0.5,0.06808510638297872,0.0,0.0,0.0,0.5,0.0,0.9319148936170213,219,0,16,0
dummy_prior,dummy,5,1,0,235,16,444,24,122,0,0.5,0.06808510638297872,0.0,0.0,0.0,0.5,0.0,0.9319148936170213,219,0,16,0
dummy_prior,dummy,6,1,1,235,16,444,24,122,0,0.5,0.06808510638297872,0.0,0.0,0.0,0.5,0.0,0.9319148936170213,219,0,16,0
dummy_prior,dummy,7,1,2,235,16,444,24,122,0,0.5,0.06808510638297872,0.0,0.0,0.0,0.5,0.0,0.9319148936170213,219,0,16,0
dummy_prior,dummy,8,1,3,235,16,444,24,122,0,0.5,0.06808510638297872,0.0,0.0,0.0,0.5,0.0,0.9319148936170213,219,0,16,0
dummy_prior,dummy,9,1,4,235,16,444,24,122,0,0.5,0.06808510638297872,0.0,0.0,0.0,0.5,0.0,0.9319148936170213,219,0,16,0
dummy_prior,dummy,10,2,0,235,16,444,24,122,0,0.5,0.06808510638297872,0.0,0.0,0.0,0.5,0.0,0.9319148936170213,219,0,16,0
dummy_prior,dummy,11,2,1,235,16,444,24,122,0,0.5,0.06808510638297872,0.0,0.0,0.0,0.5,0.0,0.9319148936170213,219,0,16,0
dummy_prior,dummy,12,2,2,235,16,444,24,122,0,0.5,0.06808510638297872,0.0,0.0,0.0,0.5,0.0,0.9319148936170213,219,0,16,0
dummy_prior,dummy,13,2,3,235,16,444,24,122,0,0.5,0.06808510638297872,0.0,0.0,0.0,0.5,0.0,0.9319148936170213,219,0,16,0
dummy_prior,dummy,14,2,4,235,16,444,24,122,0,0.5,0.06808510638297872,0.0,0.0,0.0,0.5,0.0,0.9319148936170213,219,0,16,0
dummy_prior,dummy,15,3,0,235,16,444,24,122,0,0.5,0.06808510638297872,0.0,0.0,0.0,0.5,0.0,0.9319148936170213,219,0,16,0
dummy_prior,dummy,16,3,1,235,16,444,24,122,0,0.5,0.06808510638297872,0.0,0.0,0.0,0.5,0.0,0.9319148936170213,219,0,16,0
dummy_prior,dummy,17,3,2,235,16,444,24,122,0,0.5,0.06808510638297872,0.0,0.0,0.0,0.5,0.0,0.9319148936170213,219,0,16,0
dummy_prior,dummy,18,3,3,235,16,444,24,122,0,0.5,0.06808510638297872,0.0,0.0,0.0,0.5,0.0,0.9319148936170213,219,0,16,0
dummy_prior,dummy,19,3,4,235,16,444,24,122,0,0.5,0.06808510638297872,0.0,0.0,0.0,0.5,0.0,0.9319148936170213,219,0,16,0
dummy_prior,dummy,20,4,0,235,16,444,24,122,0,0.5,0.06808510638297872,0.0,0.0,0.0,0.5,0.0,0.9319148936170213,219,0,16,0
dummy_prior,dummy,21,4,1,235,16,444,24,122,0,0.5,0.06808510638297872,0.0,0.0,0.0,0.5,0.0,0.9319148936170213,219,0,16,0
dummy_prior,dummy,22,4,2,235,16,444,24,122,0,0.5,0.06808510638297872,0.0,0.0,0.0,0.5,0.0,0.9319148936170213,219,0,16,0
dummy_prior,dummy,23,4,3,235,16,444,24,122,0,0.5,0.06808510638297872,0.0,0.0,0.0,0.5,0.0,0.9319148936170213,219,0,16,0
dummy_prior,dummy,24,4,4,235,16,444,24,122,0,0.5,0.06808510638297872,0.0,0.0,0.0,0.5,0.0,0.9319148936170213,219,0,16,0
l1_logistic_c_0.01,logistic,0,0,0,235,16,444,24,122,0,0.5,0.2994016589759257,0.75,0.21818181818181817,0.3380281690140845,0.7768264840182648,0.1963470319634703,0.8,176,43,4,12
l1_logistic_c_0.01,logistic,1,0,1,235,16,444,24,122,0,0.5,0.15984853893905124,0.75,0.16666666666666666,0.2727272727272727,0.738013698630137,0.273972602739726,0.7276595744680852,159,60,4,12
l1_logistic_c_0.01,logistic,2,0,2,235,16,444,24,122,0,0.5,0.15970946926502017,0.625,0.11627906976744186,0.19607843137254902,0.6389840182648402,0.3470319634703196,0.6510638297872341,143,76,6,10
l1_logistic_c_0.01,logistic,3,0,3,235,16,444,24,122,0,0.5,0.16118401121626913,0.6875,0.19642857142857142,0.3055555555555556,0.7410102739726028,0.2054794520547945,0.7872340425531915,174,45,5,11
l1_logistic_c_0.01,logistic,4,0,4,235,16,444,24,122,0,0.5,0.13365682268756174,0.8125,0.16049382716049382,0.26804123711340205,0.7509988584474886,0.3105022831050228,0.6978723404255319,151,68,3,13
l1_logistic_c_0.01,logistic,5,1,0,235,16,444,24,122,0,0.5,0.22934292246591942,0.8125,0.16883116883116883,0.27956989247311825,0.7601312785388128,0.2922374429223744,0.7148936170212766,155,64,3,13
l1_logistic_c_0.01,logistic,6,1,1,235,16,444,24,122,0,0.5,0.16557165312101962,0.6875,0.18032786885245902,0.2857142857142857,0.7295947488584476,0.228310502283105,0.7659574468085106,169,50,5,11
l1_logistic_c_0.01,logistic,7,1,2,235,16,444,24,122,0,0.5,0.1956665828859664,0.8125,0.19696969696969696,0.3170731707317073,0.7852454337899544,0.2420091324200913,0.7617021276595745,166,53,3,13
l1_logistic_c_0.01,logistic,8,1,3,235,16,444,24,122,0,0.5,0.15786668914201554,0.75,0.14634146341463414,0.24489795918367346,0.7151826484018264,0.319634703196347,0.6851063829787234,149,70,4,12
l1_logistic_c_0.01,logistic,9,1,4,235,16,444,24,122,0,0.5,0.11307044281720062,0.6875,0.14473684210526316,0.2391304347826087,0.6953481735159817,0.2968036529680365,0.7021276595744681,154,65,5,11
l1_logistic_c_0.01,logistic,10,2,0,235,16,444,24,122,0,0.5,0.24119407000789156,0.6875,0.14666666666666667,0.24175824175824176,0.6976312785388128,0.2922374429223744,0.7063829787234043,155,64,5,11
l1_logistic_c_0.01,logistic,11,2,1,235,16,444,24,122,0,0.5,0.1336015636480613,0.75,0.14457831325301204,0.24242424242424243,0.7128995433789954,0.3242009132420091,0.6808510638297872,148,71,4,12
l1_logistic_c_0.01,logistic,12,2,2,235,16,444,24,122,0,0.5,0.16450744009813514,0.6875,0.171875,0.275,0.7227454337899544,0.2420091324200913,0.7531914893617021,166,53,5,11
l1_logistic_c_0.01,logistic,13,2,3,235,16,444,24,122,0,0.5,0.22369821328896825,0.75,0.14634146341463414,0.24489795918367346,0.7151826484018264,0.319634703196347,0.6851063829787234,149,70,4,12
l1_logistic_c_0.01,logistic,14,2,4,235,16,444,24,122,0,0.5,0.1587292012534351,0.6875,0.15492957746478872,0.25287356321839083,0.706763698630137,0.273972602739726,0.723404255319149,159,60,5,11
l1_logistic_c_0.01,logistic,15,3,0,235,16,444,24,122,0,0.5,0.13156418125736902,0.6875,0.11,0.1896551724137931,0.6405536529680365,0.4063926940639269,0.6,130,89,5,11
l1_logistic_c_0.01,logistic,16,3,1,235,16,444,24,122,0,0.5,0.16985004771285558,0.6875,0.15714285714285714,0.2558139534883721,0.709046803652968,0.2694063926940639,0.7276595744680852,160,59,5,11
l1_logistic_c_0.01,logistic,17,3,2,235,16,444,24,122,0,0.5,0.11591538007751497,0.5,0.14035087719298245,0.2191780821917808,0.6381278538812785,0.2237442922374429,0.7574468085106383,170,49,8,8
l1_logistic_c_0.01,logistic,18,3,3,235,16,444,24,122,0,0.5,0.21552043363889106,0.875,0.19444444444444445,0.3181818181818182,0.8050799086757991,0.2648401826484018,0.7446808510638298,161,58,2,14
l1_logistic_c_0.01,logistic,19,3,4,235,16,444,24,122,0,0.5,0.20359862060509087,0.875,0.16279069767441862,0.27450980392156865,0.7731164383561644,0.3287671232876712,0.6851063829787234,147,72,2,14
l1_logistic_c_0.01,logistic,20,4,0,235,16,444,24,122,0,0.5,0.16875862079354453,0.75,0.14285714285714285,0.24,0.7106164383561644,0.3287671232876712,0.676595744680851,147,72,4,12
l1_logistic_c_0.01,logistic,21,4,1,235,16,444,24,122,0,0.5,0.15226809301728006,0.625,0.16393442622950818,0.2597402597402597,0.6960616438356164,0.2328767123287671,0.7574468085106383,168,51,6,10
l1_logistic_c_0.01,logistic,22,4,2,235,16,444,24,122,0,0.5,0.14633838216346787,0.75,0.15584415584415584,0.25806451612903225,0.7265981735159817,0.2968036529680365,0.7063829787234043,154,65,4,12
l1_logistic_c_0.01,logistic,23,4,3,235,16,444,24,122,0,0.5,0.3046599761173967,0.875,0.1794871794871795,0.2978723404255319,0.7913812785388128,0.2922374429223744,0.7191489361702128,155,64,2,14
l1_logistic_c_0.01,logistic,24,4,4,235,16,444,24,122,0,0.5,0.1271070676549988,0.6875,0.15492957746478872,0.25287356321839083,0.706763698630137,0.273972602739726,0.723404255319149,159,60,5,11
l1_logistic_c_0.1,logistic,0,0,0,235,16,444,24,122,0,0.5,0.12279089300386543,0.1875,0.1111111111111111,0.13953488372093023,0.5389554794520548,0.1095890410958904,0.8425531914893617,195,24,13,3
l1_logistic_c_0.1,logistic,1,0,1,235,16,444,24,122,0,0.5,0.10599146044783858,0.4375,0.13725490196078433,0.208955223880597,0.6182933789954338,0.2009132420091324,0.774468085106383,175,44,9,7
l1_logistic_c_0.1,logistic,2,0,2,235,16,444,24,122,0,0.5,0.19149646925975294,0.25,0.0851063829787234,0.12698412698412698,0.5268264840182648,0.1963470319634703,0.7659574468085106,176,43,12,4
l1_logistic_c_0.1,logistic,3,0,3,235,16,444,24,122,0,0.5,0.14236549527650372,0.4375,0.16279069767441862,0.23728813559322035,0.6365582191780822,0.1643835616438356,0.8085106382978723,183,36,9,7
l1_logistic_c_0.1,logistic,4,0,4,235,16,444,24,122,0,0.5,0.14153147052285883,0.5,0.18181818181818182,0.26666666666666666,0.6678082191780822,0.1643835616438356,0.8127659574468085,183,36,8,8
l1_logistic_c_0.1,logistic,5,1,0,235,16,444,24,122,0,0.5,0.1923690278683132,0.5,0.16326530612244897,0.24615384615384617,0.6563926940639269,0.1872146118721461,0.7914893617021277,178,41,8,8
l1_logistic_c_0.1,logistic,6,1,1,235,16,444,24,122,0,0.5,0.17967761262775295,0.4375,0.2,0.27450980392156865,0.6548230593607306,0.1278538812785388,0.8425531914893617,191,28,9,7
l1_logistic_c_0.1,logistic,7,1,2,235,16,444,24,122,0,0.5,0.1007394098149363,0.25,0.08888888888888889,0.13114754098360656,0.5313926940639269,0.1872146118721461,0.774468085106383,178,41,12,4
l1_logistic_c_0.1,logistic,8,1,3,235,16,444,24,122,0,0.5,0.21334762510651747,0.5,0.1702127659574468,0.25396825396825395,0.660958904109589,0.1780821917808219,0.8,180,39,8,8
l1_logistic_c_0.1,logistic,9,1,4,235,16,444,24,122,0,0.5,0.12947517464767455,0.1875,0.07692307692307693,0.10909090909090909,0.5115582191780822,0.1643835616438356,0.7914893617021277,183,36,13,3
l1_logistic_c_0.1,logistic,10,2,0,235,16,444,24,122,0,0.5,0.2865982188473484,0.5,0.2,0.2857142857142857,0.6769406392694064,0.1461187214611872,0.8297872340425532,187,32,8,8
l1_logistic_c_0.1,logistic,11,2,1,235,16,444,24,122,0,0.5,0.17017856166693315,0.5,0.14545454545454545,0.22535211267605634,0.6426940639269406,0.2146118721461187,0.7659574468085106,172,47,8,8
l1_logistic_c_0.1,logistic,12,2,2,235,16,444,24,122,0,0.5,0.15639987222077706,0.375,0.15384615384615385,0.21818181818181817,0.6121575342465753,0.1506849315068493,0.8170212765957446,186,33,10,6
l1_logistic_c_0.1,logistic,13,2,3,235,16,444,24,122,0,0.5,0.182959922570996,0.4375,0.15555555555555556,0.22950819672131148,0.63199200913242,0.1735159817351598,0.8,181,38,9,7
l1_logistic_c_0.1,logistic,14,2,4,235,16,444,24,122,0,0.5,0.13564219828312907,0.25,0.0975609756097561,0.14035087719298245,0.5405251141552512,0.1689497716894977,0.7914893617021277,182,37,12,4
l1_logistic_c_0.1,logistic,15,3,0,235,16,444,24,122,0,0.5,0.13612247698260882,0.4375,0.15555555555555556,0.22950819672131148,0.63199200913242,0.1735159817351598,0.8,181,38,9,7
l1_logistic_c_0.1,logistic,16,3,1,235,16,444,24,122,0,0.5,0.08327891630830422,0.25,0.10256410256410256,0.14545454545454545,0.5450913242009132,0.1598173515981735,0.8,184,35,12,4
l1_logistic_c_0.1,logistic,17,3,2,235,16,444,24,122,0,0.5,0.19729782818857572,0.375,0.14634146341463414,0.21052631578947367,0.6075913242009132,0.1598173515981735,0.8085106382978723,184,35,10,6
l1_logistic_c_0.1,logistic,18,3,3,235,16,444,24,122,0,0.5,0.14722152466197283,0.3125,0.15625,0.20833333333333334,0.5946061643835616,0.1232876712328767,0.8382978723404255,192,27,11,5
l1_logistic_c_0.1,logistic,19,3,4,235,16,444,24,122,0,0.5,0.19920816090779983,0.5625,0.19148936170212766,0.2857142857142857,0.69449200913242,0.1735159817351598,0.8085106382978723,181,38,7,9
l1_logistic_c_0.1,logistic,20,4,0,235,16,444,24,122,0,0.5,0.13168700327127067,0.3125,0.12195121951219512,0.17543859649122806,0.5740582191780822,0.1643835616438356,0.8,183,36,11,5
l1_logistic_c_0.1,logistic,21,4,1,235,16,444,24,122,0,0.5,0.18381957539070165,0.4375,0.14,0.21212121212121213,0.6205764840182648,0.1963470319634703,0.7787234042553192,176,43,9,7
l1_logistic_c_0.1,logistic,22,4,2,235,16,444,24,122,0,0.5,0.15453125300046358,0.375,0.13953488372093023,0.2033898305084746,0.6030251141552512,0.1689497716894977,0.8,182,37,10,6
l1_logistic_c_0.1,logistic,23,4,3,235,16,444,24,122,0,0.5,0.14105700759110645,0.4375,0.14583333333333334,0.21875,0.6251426940639269,0.1872146118721461,0.7872340425531915,178,41,9,7
l1_logistic_c_0.1,logistic,24,4,4,235,16,444,24,122,0,0.5,0.1574625090063675,0.375,0.13636363636363635,0.2,0.60074200913242,0.1735159817351598,0.7957446808510639,181,38,10,6
l1_logistic_c_1,logistic,0,0,0,235,16,444,24,122,0,0.5,0.11689247248501128,0.0625,0.07142857142857142,0.06666666666666667,0.5015696347031964,0.0593607305936073,0.8808510638297873,206,13,15,1
l1_logistic_c_1,logistic,1,0,1,235,16,444,24,122,0,0.5,0.07308402419029375,0.0625,0.02631578947368421,0.037037037037037035,0.4467751141552511,0.1689497716894977,0.7787234042553192,182,37,15,1
l1_logistic_c_1,logistic,2,0,2,235,16,444,24,122,0,0.5,0.16733715463616847,0.1875,0.10714285714285714,0.13636363636363635,0.5366723744292237,0.1141552511415525,0.8382978723404255,194,25,13,3
l1_logistic_c_1,logistic,3,0,3,235,16,444,24,122,0,0.5,0.12429179839177129,0.1875,0.13636363636363635,0.15789473684210525,0.55037100456621,0.0867579908675799,0.8638297872340426,200,19,13,3
l1_logistic_c_1,logistic,4,0,4,235,16,444,24,122,0,0.5,0.20634152796866606,0.3125,0.19230769230769232,0.23809523809523808,0.608304794520548,0.0958904109589041,0.8638297872340426,198,21,11,5
l1_logistic_c_1,logistic,5,1,0,235,16,444,24,122,0,0.5,0.20451344647991426,0.3125,0.2,0.24390243902439024,0.610587899543379,0.091324200913242,0.8680851063829788,199,20,11,5
l1_logistic_c_1,logistic,6,1,1,235,16,444,24,122,0,0.5,0.14906509492369044,0.125,0.09090909090909091,0.10526315789473684,0.516837899543379,0.091324200913242,0.8553191489361702,199,20,14,2
l1_logistic_c_1,logistic,7,1,2,235,16,444,24,122,0,0.5,0.09236433793373582,0.0625,0.04,0.04878048780487805,0.4764554794520548,0.1095890410958904,0.8340425531914893,195,24,15,1
l1_logistic_c_1,logistic,8,1,3,235,16,444,24,122,0,0.5,0.14307620389047082,0.1875,0.11538461538461539,0.14285714285714285,0.5412385844748858,0.1050228310502283,0.8468085106382979,196,23,13,3
l1_logistic_c_1,logistic,9,1,4,235,16,444,24,122,0,0.5,0.21460073010571962,0.1875,0.10714285714285714,0.13636363636363635,0.5366723744292237,0.1141552511415525,0.8382978723404255,194,25,13,3
l1_logistic_c_1,logistic,10,2,0,235,16,444,24,122,0,0.5,0.2943093499136526,0.375,0.23076923076923078,0.2857142857142857,0.641837899543379,0.091324200913242,0.8723404255319149,199,20,10,6
l1_logistic_c_1,logistic,11,2,1,235,16,444,24,122,0,0.5,0.14860215286120532,0.3125,0.1282051282051282,0.18181818181818182,0.5786244292237444,0.1552511415525114,0.8085106382978723,185,34,11,5
l1_logistic_c_1,logistic,12,2,2,235,16,444,24,122,0,0.5,0.11888741066462694,0.1875,0.12,0.14634146341463414,0.5435216894977168,0.1004566210045662,0.851063829787234,197,22,13,3
l1_logistic_c_1,logistic,13,2,3,235,16,444,24,122,0,0.5,0.23070961801560494,0.1875,0.13043478260869565,0.15384615384615385,0.548087899543379,0.091324200913242,0.8595744680851064,199,20,13,3
l1_logistic_c_1,logistic,14,2,4,235,16,444,24,122,0,0.5,0.17647517478394847,0.3125,0.2,0.24390243902439024,0.610587899543379,0.091324200913242,0.8680851063829788,199,20,11,5
l1_logistic_c_1,logistic,15,3,0,235,16,444,24,122,0,0.5,0.11718079489784744,0.1875,0.0967741935483871,0.1276595744680851,0.5298230593607306,0.1278538812785388,0.825531914893617,191,28,13,3
l1_logistic_c_1,logistic,16,3,1,235,16,444,24,122,0,0.5,0.08872091622601332,0.0625,0.037037037037037035,0.046511627906976744,0.4718892694063927,0.1187214611872146,0.825531914893617,193,26,15,1
l1_logistic_c_1,logistic,17,3,2,235,16,444,24,122,0,0.5,0.13774856633874122,0.25,0.125,0.16666666666666666,0.5610730593607306,0.1278538812785388,0.8297872340425532,191,28,12,4
l1_logistic_c_1,logistic,18,3,3,235,16,444,24,122,0,0.5,0.13805576365459446,0.25,0.15384615384615385,0.19047619047619047,0.5747716894977168,0.1004566210045662,0.8553191489361702,197,22,12,4
l1_logistic_c_1,logistic,19,3,4,235,16,444,24,122,0,0.5,0.1717771444067316,0.375,0.15,0.21428571428571427,0.6098744292237444,0.1552511415525114,0.8127659574468085,185,34,10,6
l1_logistic_c_1,logistic,20,4,0,235,16,444,24,122,0,0.5,0.13674969932461614,0.25,0.13793103448275862,0.17777777777777778,0.5679223744292237,0.1141552511415525,0.8425531914893617,194,25,12,4
l1_logistic_c_1,logistic,21,4,1,235,16,444,24,122,0,0.5,0.1344976002987631,0.3125,0.20833333333333334,0.25,0.61287100456621,0.0867579908675799,0.8723404255319149,200,19,11,5
l1_logistic_c_1,logistic,22,4,2,235,16,444,24,122,0,0.5,0.13193359667425122,0.1875,0.10344827586206896,0.13333333333333333,0.5343892694063928,0.1187214611872146,0.8340425531914893,193,26,13,3
l1_logistic_c_1,logistic,23,4,3,235,16,444,24,122,0,0.5,0.2666470448755924,0.375,0.2222222222222222,0.27906976744186046,0.639554794520548,0.0958904109589041,0.8680851063829788,198,21,10,6
l1_logistic_c_1,logistic,24,4,4,235,16,444,24,122,0,0.5,0.1533940589626326,0.1875,0.11538461538461539,0.14285714285714285,0.5412385844748858,0.1050228310502283,0.8468085106382979,196,23,13,3
random_forest_depth_8_leaf_4,random_forest,0,0,0,235,16,444,24,122,0,0.5,0.2818716892035746,0.0,0.0,0.0,0.5,0.0,0.9319148936170213,219,0,16,0
random_forest_depth_8_leaf_4,random_forest,1,0,1,235,16,444,24,122,0,0.5,0.13790736668917822,0.0,0.0,0.0,0.5,0.0,0.9319148936170213,219,0,16,0
random_forest_depth_8_leaf_4,random_forest,2,0,2,235,16,444,24,122,0,0.5,0.1391967261612369,0.0,0.0,0.0,0.5,0.0,0.9319148936170213,219,0,16,0
random_forest_depth_8_leaf_4,random_forest,3,0,3,235,16,444,24,122,0,0.5,0.27877749322856626,0.0,0.0,0.0,0.5,0.0,0.9319148936170213,219,0,16,0
random_forest_depth_8_leaf_4,random_forest,4,0,4,235,16,444,24,122,0,0.5,0.14938698192171646,0.0,0.0,0.0,0.5,0.0,0.9319148936170213,219,0,16,0
random_forest_depth_8_leaf_4,random_forest,5,1,0,235,16,444,24,122,0,0.5,0.3290979883835144,0.0,0.0,0.0,0.5,0.0,0.9319148936170213,219,0,16,0
random_forest_depth_8_leaf_4,random_forest,6,1,1,235,16,444,24,122,0,0.5,0.21115698759188853,0.0,0.0,0.0,0.5,0.0,0.9319148936170213,219,0,16,0
random_forest_depth_8_leaf_4,random_forest,7,1,2,235,16,444,24,122,0,0.5,0.14040682084100642,0.0,0.0,0.0,0.5,0.0,0.9319148936170213,219,0,16,0
random_forest_depth_8_leaf_4,random_forest,8,1,3,235,16,444,24,122,0,0.5,0.26999152885415645,0.0,0.0,0.0,0.5,0.0,0.9319148936170213,219,0,16,0
random_forest_depth_8_leaf_4,random_forest,9,1,4,235,16,444,24,122,0,0.5,0.1962187656428277,0.0,0.0,0.0,0.5,0.0,0.9319148936170213,219,0,16,0
random_forest_depth_8_leaf_4,random_forest,10,2,0,235,16,444,24,122,0,0.5,0.22862230203597794,0.0,0.0,0.0,0.5,0.0,0.9319148936170213,219,0,16,0
random_forest_depth_8_leaf_4,random_forest,11,2,1,235,16,444,24,122,0,0.5,0.2301970629902504,0.0,0.0,0.0,0.5,0.0,0.9319148936170213,219,0,16,0
random_forest_depth_8_leaf_4,random_forest,12,2,2,235,16,444,24,122,0,0.5,0.2053076373120662,0.0,0.0,0.0,0.5,0.0,0.9319148936170213,219,0,16,0
random_forest_depth_8_leaf_4,random_forest,13,2,3,235,16,444,24,122,0,0.5,0.1289858906720635,0.0,0.0,0.0,0.5,0.0,0.9319148936170213,219,0,16,0
random_forest_depth_8_leaf_4,random_forest,14,2,4,235,16,444,24,122,0,0.5,0.22662089098193255,0.0,0.0,0.0,0.5,0.0,0.9319148936170213,219,0,16,0
random_forest_depth_8_leaf_4,random_forest,15,3,0,235,16,444,24,122,0,0.5,0.17640463354558963,0.0,0.0,0.0,0.5,0.0,0.9319148936170213,219,0,16,0
random_forest_depth_8_leaf_4,random_forest,16,3,1,235,16,444,24,122,0,0.5,0.17253338543908406,0.0,0.0,0.0,0.5,0.0,0.9319148936170213,219,0,16,0
random_forest_depth_8_leaf_4,random_forest,17,3,2,235,16,444,24,122,0,0.5,0.22367989892334397,0.0,0.0,0.0,0.5,0.0,0.9319148936170213,219,0,16,0
random_forest_depth_8_leaf_4,random_forest,18,3,3,235,16,444,24,122,0,0.5,0.144062423547343,0.0,0.0,0.0,0.5,0.0,0.9319148936170213,219,0,16,0
random_forest_depth_8_leaf_4,random_forest,19,3,4,235,16,444,24,122,0,0.5,0.21460011632902995,0.0,0.0,0.0,0.5,0.0,0.9319148936170213,219,0,16,0
random_forest_depth_8_leaf_4,random_forest,20,4,0,235,16,444,24,122,0,0.5,0.14612886091605057,0.0,0.0,0.0,0.5,0.0,0.9319148936170213,219,0,16,0
random_forest_depth_8_leaf_4,random_forest,21,4,1,235,16,444,24,122,0,0.5,0.1436921511692078,0.0,0.0,0.0,0.5,0.0,0.9319148936170213,219,0,16,0
random_forest_depth_8_leaf_4,random_forest,22,4,2,235,16,444,24,122,0,0.5,0.3175845618454676,0.0,0.0,0.0,0.5,0.0,0.9319148936170213,219,0,16,0
random_forest_depth_8_leaf_4,random_forest,23,4,3,235,16,444,24,122,0,0.5,0.14585485676593613,0.0,0.0,0.0,0.5,0.0,0.9319148936170213,219,0,16,0
random_forest_depth_8_leaf_4,random_forest,24,4,4,235,16,444,24,122,0,0.5,0.23428292257884797,0.0,0.0,0.0,0.5,0.0,0.9319148936170213,219,0,16,0
random_forest_depth_none_leaf_8,random_forest,0,0,0,235,16,444,24,122,0,0.5,0.2939162749380754,0.0,0.0,0.0,0.5,0.0,0.9319148936170213,219,0,16,0
random_forest_depth_none_leaf_8,random_forest,1,0,1,235,16,444,24,122,0,0.5,0.15488733299290436,0.0,0.0,0.0,0.5,0.0,0.9319148936170213,219,0,16,0
random_forest_depth_none_leaf_8,random_forest,2,0,2,235,16,444,24,122,0,0.5,0.18761904669122256,0.0,0.0,0.0,0.5,0.0,0.9319148936170213,219,0,16,0
random_forest_depth_none_leaf_8,random_forest,3,0,3,235,16,444,24,122,0,0.5,0.2367799565725548,0.0,0.0,0.0,0.5,0.0,0.9319148936170213,219,0,16,0
random_forest_depth_none_leaf_8,random_forest,4,0,4,235,16,444,24,122,0,0.5,0.14070058475382832,0.0,0.0,0.0,0.5,0.0,0.9319148936170213,219,0,16,0
random_forest_depth_none_leaf_8,random_forest,5,1,0,235,16,444,24,122,0,0.5,0.3564593137796634,0.0,0.0,0.0,0.5,0.0,0.9319148936170213,219,0,16,0
random_forest_depth_none_leaf_8,random_forest,6,1,1,235,16,444,24,122,0,0.5,0.1906567393081826,0.0,0.0,0.0,0.5,0.0,0.9319148936170213,219,0,16,0
random_forest_depth_none_leaf_8,random_forest,7,1,2,235,16,444,24,122,0,0.5,0.15083075249075042,0.0,0.0,0.0,0.5,0.0,0.9319148936170213,219,0,16,0
random_forest_depth_none_leaf_8,random_forest,8,1,3,235,16,444,24,122,0,0.5,0.3139772109793048,0.0,0.0,0.0,0.5,0.0,0.9319148936170213,219,0,16,0
random_forest_depth_none_leaf_8,random_forest,9,1,4,235,16,444,24,122,0,0.5,0.14816934291927955,0.0,0.0,0.0,0.5,0.0,0.9319148936170213,219,0,16,0
random_forest_depth_none_leaf_8,random_forest,10,2,0,235,16,444,24,122,0,0.5,0.18310050987857757,0.0,0.0,0.0,0.5,0.0,0.9319148936170213,219,0,16,0
random_forest_depth_none_leaf_8,random_forest,11,2,1,235,16,444,24,122,0,0.5,0.24974864926279233,0.0,0.0,0.0,0.5,0.0,0.9319148936170213,219,0,16,0
random_forest_depth_none_leaf_8,random_forest,12,2,2,235,16,444,24,122,0,0.5,0.29120264212542885,0.0,0.0,0.0,0.5,0.0,0.9319148936170213,219,0,16,0
random_forest_depth_none_leaf_8,random_forest,13,2,3,235,16,444,24,122,0,0.5,0.13232339932373596,0.0,0.0,0.0,0.5,0.0,0.9319148936170213,219,0,16,0
random_forest_depth_none_leaf_8,random_forest,14,2,4,235,16,444,24,122,0,0.5,0.18822220323934052,0.0,0.0,0.0,0.5,0.0,0.9319148936170213,219,0,16,0
random_forest_depth_none_leaf_8,random_forest,15,3,0,235,16,444,24,122,0,0.5,0.14524170040944695,0.0,0.0,0.0,0.5,0.0,0.9319148936170213,219,0,16,0
random_forest_depth_none_leaf_8,random_forest,16,3,1,235,16,444,24,122,0,0.5,0.17484874956554353,0.0,0.0,0.0,0.5,0.0,0.9319148936170213,219,0,16,0
random_forest_depth_none_leaf_8,random_forest,17,3,2,235,16,444,24,122,0,0.5,0.2737739238211914,0.0,0.0,0.0,0.5,0.0,0.9319148936170213,219,0,16,0
random_forest_depth_none_leaf_8,random_forest,18,3,3,235,16,444,24,122,0,0.5,0.17988027254334682,0.0,0.0,0.0,0.5,0.0,0.9319148936170213,219,0,16,0
random_forest_depth_none_leaf_8,random_forest,19,3,4,235,16,444,24,122,0,0.5,0.24872193276552162,0.0,0.0,0.0,0.5,0.0,0.9319148936170213,219,0,16,0
random_forest_depth_none_leaf_8,random_forest,20,4,0,235,16,444,24,122,0,0.5,0.15808813747377204,0.0,0.0,0.0,0.5,0.0,0.9319148936170213,219,0,16,0
random_forest_depth_none_leaf_8,random_forest,21,4,1,235,16,444,24,122,0,0.5,0.16456072330699342,0.0,0.0,0.0,0.5,0.0,0.9319148936170213,219,0,16,0
random_forest_depth_none_leaf_8,random_forest,22,4,2,235,16,444,24,122,0,0.5,0.2951313093172182,0.0,0.0,0.0,0.5,0.0,0.9319148936170213,219,0,16,0
random_forest_depth_none_leaf_8,random_forest,23,4,3,235,16,444,24,122,0,0.5,0.24139683444155297,0.0,0.0,0.0,0.5,0.0,0.9319148936170213,219,0,16,0
random_forest_depth_none_leaf_8,random_forest,24,4,4,235,16,444,24,122,0,0.5,0.28650731414341507,0.0,0.0,0.0,0.5,0.0,0.9319148936170213,219,0,16,0
