feature,top20_frequency,median_rank,rank_iqr,median_importance,positive_sign_rate,top20_rate
feature_059,25,1.0,0.0,0.035090863028114545,,1.0
feature_519,25,4.0,2.0,0.012508838525359282,,1.0
feature_247,24,5.0,4.5,0.01146811778941714,,0.96
feature_477,21,8.0,6.0,0.011118415088878657,,0.84
feature_033,21,9.0,7.0,0.008554913000521152,,0.84
feature_205,19,7.0,5.5,0.009529773158846884,,0.76
feature_000,18,9.5,7.5,0.007965023442189323,,0.72
feature_103,17,7.0,9.0,0.011085886918113021,,0.68
feature_341,16,9.0,9.5,0.009154073534019192,,0.64
feature_460,14,8.0,9.25,0.010235204363333368,,0.56
feature_064,14,9.0,4.0,0.008798049409040547,,0.56
feature_065,14,9.5,8.0,0.00804767897658534,,0.56
feature_290,12,15.0,8.75,0.007517892265844817,,0.48
feature_468,11,10.0,5.5,0.008302203295047989,,0.44
feature_129,10,6.5,7.5,0.009250919594621895,,0.4
feature_351,9,8.0,2.0,0.008376991120579623,,0.36
feature_213,9,10.0,9.0,0.008314936966220873,,0.36
feature_021,9,13.0,7.0,0.0076998052626369015,,0.36
feature_385,8,10.5,2.75,0.008503623259161718,,0.32
feature_079,7,10.0,5.5,0.008795034898641037,,0.28
feature_510,7,10.0,7.0,0.008337054042378762,,0.28
feature_152,7,13.0,9.5,0.00817149545521373,,0.28
feature_426,7,14.0,5.0,0.007412348891091528,,0.28
feature_028,6,7.5,7.75,0.00888178990485699,,0.24
feature_333,6,15.5,4.75,0.006873824547308033,,0.24
feature_420,6,17.0,5.0,0.006820813568183218,,0.24
feature_153,5,9.0,4.0,0.007771067447536038,,0.2
feature_425,5,11.0,3.0,0.00797273891535078,,0.2
feature_112,5,12.0,10.0,0.008242292015252485,,0.2
feature_282,5,12.0,3.0,0.008181058463659687,,0.2
feature_428,5,13.0,11.0,0.00799010922576735,,0.2
feature_155,5,15.0,2.0,0.006731687324027403,,0.2
feature_348,5,17.0,3.0,0.0069304423227445735,,0.2
feature_031,5,18.0,2.0,0.00648610075715381,,0.2
feature_090,5,19.0,8.0,0.007028738340506551,,0.2
feature_010,4,11.5,4.75,0.008140524518543087,,0.16
feature_469,4,13.0,10.75,0.008059251631418499,,0.16
feature_288,4,13.5,7.5,0.007652517433392059,,0.16
feature_287,4,14.5,1.75,0.0072780859879169515,,0.16
feature_475,4,14.5,2.5,0.00726171544093423,,0.16
feature_197,4,15.5,3.75,0.007253000817570853,,0.16
feature_125,4,16.0,3.5,0.007431768532677991,,0.16
feature_390,3,13.0,4.5,0.008065993401323539,,0.12
feature_102,3,14.0,2.0,0.0074140291403617204,,0.12
feature_160,3,16.0,2.0,0.006456741761766918,,0.12
feature_252,3,17.0,2.5,0.006458799903112337,,0.12
feature_587,3,19.0,1.0,0.0065751809674899474,,0.12
feature_063,2,9.0,6.0,0.009191488362617517,,0.08
feature_011,2,10.5,5.5,0.009260112228851184,,0.08
feature_571,2,11.0,5.0,0.009024848870141993,,0.08
feature_130,2,11.5,0.5,0.00804487501704757,,0.08
feature_210,2,11.5,3.5,0.008098422563524551,,0.08
feature_058,2,12.0,3.0,0.0077606554298105795,,0.08
feature_115,2,12.0,5.0,0.007959477375465294,,0.08
feature_041,2,14.0,3.0,0.00690072308726619,,0.08
feature_280,2,14.0,6.0,0.007777530490820575,,0.08
feature_175,2,15.0,5.0,0.006814375862458932,,0.08
feature_377,2,15.0,2.0,0.006474641319321928,,0.08
feature_445,2,15.5,2.5,0.006859868271267791,,0.08
feature_128,2,17.5,1.5,0.00623408806213413,,0.08
feature_163,2,17.5,0.5,0.006896767363238039,,0.08
feature_489,2,17.5,1.5,0.0065289525863167705,,0.08
feature_078,2,18.0,0.0,0.006280385279850462,,0.08
feature_563,2,18.5,1.5,0.006559716014214422,,0.08
feature_346,1,5.0,0.0,0.009495496864999235,,0.04
feature_443,1,5.0,0.0,0.010490032733825125,,0.04
feature_143,1,6.0,0.0,0.00823398561226464,,0.04
feature_454,1,6.0,0.0,0.009819961675833355,,0.04
feature_309,1,7.0,0.0,0.00940280663335393,,0.04
feature_562,1,9.0,0.0,0.007243133032689494,,0.04
feature_131,1,12.0,0.0,0.007057544156691917,,0.04
feature_253,1,12.0,0.0,0.006905843842402442,,0.04
feature_555,1,12.0,0.0,0.007514053881558224,,0.04
feature_035,1,13.0,0.0,0.008653948940885321,,0.04
feature_523,1,13.0,0.0,0.007200659393308757,,0.04
feature_040,1,14.0,0.0,0.006842937076008178,,0.04
feature_174,1,14.0,0.0,0.00786617061105131,,0.04
feature_491,1,14.0,0.0,0.006868592926493899,,0.04
feature_393,1,15.0,0.0,0.00639814451408081,,0.04
feature_156,1,16.0,0.0,0.006352879254169418,,0.04
feature_435,1,16.0,0.0,0.007217642366698445,,0.04
feature_024,1,17.0,0.0,0.006144838880140547,,0.04
feature_145,1,17.0,0.0,0.006614478875224557,,0.04
feature_202,1,17.0,0.0,0.005999407164878292,,0.04
feature_295,1,17.0,0.0,0.006528077130270311,,0.04
feature_200,1,18.0,0.0,0.0069645514839457995,,0.04
feature_487,1,18.0,0.0,0.005982529032810824,,0.04
feature_014,1,19.0,0.0,0.005691130398948436,,0.04
feature_091,1,19.0,0.0,0.006039076785266296,,0.04
feature_133,1,19.0,0.0,0.005910351436469705,,0.04
feature_299,1,19.0,0.0,0.006593097993426733,,0.04
feature_300,1,19.0,0.0,0.0064632585980741826,,0.04
feature_308,1,19.0,0.0,0.006314130918047766,,0.04
feature_524,1,19.0,0.0,0.006183532288964371,,0.04
feature_016,1,20.0,0.0,0.005655341186510559,,0.04
feature_055,1,20.0,0.0,0.006425107493313911,,0.04
feature_122,1,20.0,0.0,0.006286121329058487,,0.04
feature_150,1,20.0,0.0,0.005755734631391662,,0.04
feature_318,1,20.0,0.0,0.0054958522386366745,,0.04
feature_413,1,20.0,0.0,0.006137638877552921,,0.04
