rank,sample_id,timestamp,risk_score,prediction,label,suggested_features,evidence_scope,model,limitation
1,secom_1397,2008-10-07 11:16:00,0.28177356090705113,0,0,feature_059;feature_247;feature_519;feature_065;feature_475,global_model_importance,random_forest_depth_none_leaf_8,"Anonymous variables are inspection candidates, not proven physical causes."
2,secom_1326,2008-10-05 16:15:00,0.2748489037001845,0,0,feature_059;feature_247;feature_519;feature_065;feature_475,global_model_importance,random_forest_depth_none_leaf_8,"Anonymous variables are inspection candidates, not proven physical causes."
3,secom_1458,2008-10-11 07:39:00,0.2668209718877065,0,0,feature_059;feature_247;feature_519;feature_065;feature_475,global_model_importance,random_forest_depth_none_leaf_8,"Anonymous variables are inspection candidates, not proven physical causes."
4,secom_1192,2008-09-30 08:44:00,0.2243506020867065,0,0,feature_059;feature_247;feature_519;feature_065;feature_475,global_model_importance,random_forest_depth_none_leaf_8,"Anonymous variables are inspection candidates, not proven physical causes."
5,secom_1207,2008-09-30 23:58:00,0.20787126739246922,0,0,feature_059;feature_247;feature_519;feature_065;feature_475,global_model_importance,random_forest_depth_none_leaf_8,"Anonymous variables are inspection candidates, not proven physical causes."
6,secom_1363,2008-10-06 13:38:00,0.20443996410351065,0,1,feature_059;feature_247;feature_519;feature_065;feature_475,global_model_importance,random_forest_depth_none_leaf_8,"Anonymous variables are inspection candidates, not proven physical causes."
7,secom_1565,2008-10-17 06:01:00,0.2020127839979176,0,0,feature_059;feature_247;feature_519;feature_065;feature_475,global_model_importance,random_forest_depth_none_leaf_8,"Anonymous variables are inspection candidates, not proven physical causes."
8,secom_1489,2008-10-13 20:53:00,0.19625356094711324,0,0,feature_059;feature_247;feature_519;feature_065;feature_475,global_model_importance,random_forest_depth_none_leaf_8,"Anonymous variables are inspection candidates, not proven physical causes."
9,secom_1292,2008-10-04 15:16:00,0.1894619882064492,0,0,feature_059;feature_247;feature_519;feature_065;feature_475,global_model_importance,random_forest_depth_none_leaf_8,"Anonymous variables are inspection candidates, not proven physical causes."
10,secom_1323,2008-10-05 14:34:00,0.18934141238159002,0,0,feature_059;feature_247;feature_519;feature_065;feature_475,global_model_importance,random_forest_depth_none_leaf_8,"Anonymous variables are inspection candidates, not proven physical causes."
11,secom_1233,2008-10-02 07:35:00,0.18612806277883212,0,0,feature_059;feature_247;feature_519;feature_065;feature_475,global_model_importance,random_forest_depth_none_leaf_8,"Anonymous variables are inspection candidates, not proven physical causes."
12,secom_1513,2008-10-15 00:47:00,0.18540501514878813,0,0,feature_059;feature_247;feature_519;feature_065;feature_475,global_model_importance,random_forest_depth_none_leaf_8,"Anonymous variables are inspection candidates, not proven physical causes."
13,secom_1539,2008-10-15 19:24:00,0.18167769344568865,0,0,feature_059;feature_247;feature_519;feature_065;feature_475,global_model_importance,random_forest_depth_none_leaf_8,"Anonymous variables are inspection candidates, not proven physical causes."
14,secom_1519,2008-10-15 02:42:00,0.17957764080136865,0,1,feature_059;feature_247;feature_519;feature_065;feature_475,global_model_importance,random_forest_depth_none_leaf_8,"Anonymous variables are inspection candidates, not proven physical causes."
15,secom_1364,2008-10-06 13:55:00,0.17418738378418105,0,1,feature_059;feature_247;feature_519;feature_065;feature_475,global_model_importance,random_forest_depth_none_leaf_8,"Anonymous variables are inspection candidates, not proven physical causes."
16,secom_1236,2008-10-02 08:52:00,0.17383118142469678,0,0,feature_059;feature_247;feature_519;feature_065;feature_475,global_model_importance,random_forest_depth_none_leaf_8,"Anonymous variables are inspection candidates, not proven physical causes."
17,secom_1248,2008-10-02 16:58:00,0.17359434765871698,0,0,feature_059;feature_247;feature_519;feature_065;feature_475,global_model_importance,random_forest_depth_none_leaf_8,"Anonymous variables are inspection candidates, not proven physical causes."
18,secom_1467,2008-10-12 01:50:00,0.1735017487236476,0,0,feature_059;feature_247;feature_519;feature_065;feature_475,global_model_importance,random_forest_depth_none_leaf_8,"Anonymous variables are inspection candidates, not proven physical causes."
19,secom_1503,2008-10-14 14:43:00,0.17329746273753707,0,0,feature_059;feature_247;feature_519;feature_065;feature_475,global_model_importance,random_forest_depth_none_leaf_8,"Anonymous variables are inspection candidates, not proven physical causes."
20,secom_1327,2008-10-05 16:37:00,0.17221500473484844,0,1,feature_059;feature_247;feature_519;feature_065;feature_475,global_model_importance,random_forest_depth_none_leaf_8,"Anonymous variables are inspection candidates, not proven physical causes."
21,secom_1254,2008-10-02 21:32:00,0.17181503887971397,0,1,feature_059;feature_247;feature_519;feature_065;feature_475,global_model_importance,random_forest_depth_none_leaf_8,"Anonymous variables are inspection candidates, not proven physical causes."
22,secom_1547,2008-10-16 02:17:00,0.17174756799345117,0,0,feature_059;feature_247;feature_519;feature_065;feature_475,global_model_importance,random_forest_depth_none_leaf_8,"Anonymous variables are inspection candidates, not proven physical causes."
23,secom_1333,2008-10-05 20:30:00,0.17060477912803265,0,0,feature_059;feature_247;feature_519;feature_065;feature_475,global_model_importance,random_forest_depth_none_leaf_8,"Anonymous variables are inspection candidates, not proven physical causes."
24,secom_1425,2008-10-08 15:37:00,0.169064906815193,0,0,feature_059;feature_247;feature_519;feature_065;feature_475,global_model_importance,random_forest_depth_none_leaf_8,"Anonymous variables are inspection candidates, not proven physical causes."
25,secom_1304,2008-10-05 00:33:00,0.16861727939708515,0,0,feature_059;feature_247;feature_519;feature_065;feature_475,global_model_importance,random_forest_depth_none_leaf_8,"Anonymous variables are inspection candidates, not proven physical causes."
26,secom_1307,2008-10-05 04:20:00,0.16745105566593788,0,0,feature_059;feature_247;feature_519;feature_065;feature_475,global_model_importance,random_forest_depth_none_leaf_8,"Anonymous variables are inspection candidates, not proven physical causes."
27,secom_1289,2008-10-04 04:12:00,0.16676037651580622,0,0,feature_059;feature_247;feature_519;feature_065;feature_475,global_model_importance,random_forest_depth_none_leaf_8,"Anonymous variables are inspection candidates, not proven physical causes."
28,secom_1344,2008-10-06 04:26:00,0.1666857623128358,0,0,feature_059;feature_247;feature_519;feature_065;feature_475,global_model_importance,random_forest_depth_none_leaf_8,"Anonymous variables are inspection candidates, not proven physical causes."
29,secom_1228,2008-10-02 03:27:00,0.16617268739621346,0,0,feature_059;feature_247;feature_519;feature_065;feature_475,global_model_importance,random_forest_depth_none_leaf_8,"Anonymous variables are inspection candidates, not proven physical causes."
30,secom_1276,2008-10-03 20:11:00,0.16458704357964554,0,0,feature_059;feature_247;feature_519;feature_065;feature_475,global_model_importance,random_forest_depth_none_leaf_8,"Anonymous variables are inspection candidates, not proven physical causes."
31,secom_1256,2008-10-02 22:23:00,0.1616540370702841,0,0,feature_059;feature_247;feature_519;feature_065;feature_475,global_model_importance,random_forest_depth_none_leaf_8,"Anonymous variables are inspection candidates, not proven physical causes."
32,secom_1410,2008-10-07 20:48:00,0.16117810114469375,0,0,feature_059;feature_247;feature_519;feature_065;feature_475,global_model_importance,random_forest_depth_none_leaf_8,"Anonymous variables are inspection candidates, not proven physical causes."
33,secom_1311,2008-10-05 06:15:00,0.1609733503040655,0,0,feature_059;feature_247;feature_519;feature_065;feature_475,global_model_importance,random_forest_depth_none_leaf_8,"Anonymous variables are inspection candidates, not proven physical causes."
34,secom_1396,2008-10-07 11:15:00,0.1603318612530078,0,0,feature_059;feature_247;feature_519;feature_065;feature_475,global_model_importance,random_forest_depth_none_leaf_8,"Anonymous variables are inspection candidates, not proven physical causes."
35,secom_1427,2008-10-08 17:14:00,0.1601071278345249,0,0,feature_059;feature_247;feature_519;feature_065;feature_475,global_model_importance,random_forest_depth_none_leaf_8,"Anonymous variables are inspection candidates, not proven physical causes."
36,secom_1257,2008-10-02 22:33:00,0.15873452074533798,0,0,feature_059;feature_247;feature_519;feature_065;feature_475,global_model_importance,random_forest_depth_none_leaf_8,"Anonymous variables are inspection candidates, not proven physical causes."
37,secom_1523,2008-10-15 05:16:00,0.1579644377485075,0,0,feature_059;feature_247;feature_519;feature_065;feature_475,global_model_importance,random_forest_depth_none_leaf_8,"Anonymous variables are inspection candidates, not proven physical causes."
38,secom_1404,2008-10-07 17:06:00,0.15553723329008473,0,0,feature_059;feature_247;feature_519;feature_065;feature_475,global_model_importance,random_forest_depth_none_leaf_8,"Anonymous variables are inspection candidates, not proven physical causes."
39,secom_1482,2008-10-13 15:42:00,0.15493538015624667,0,0,feature_059;feature_247;feature_519;feature_065;feature_475,global_model_importance,random_forest_depth_none_leaf_8,"Anonymous variables are inspection candidates, not proven physical causes."
40,secom_1340,2008-10-06 02:49:00,0.15462259247461071,0,0,feature_059;feature_247;feature_519;feature_065;feature_475,global_model_importance,random_forest_depth_none_leaf_8,"Anonymous variables are inspection candidates, not proven physical causes."
41,secom_1177,2008-09-29 14:03:00,0.1540665118420369,0,0,feature_059;feature_247;feature_519;feature_065;feature_475,global_model_importance,random_forest_depth_none_leaf_8,"Anonymous variables are inspection candidates, not proven physical causes."
42,secom_1542,2008-10-15 22:54:00,0.153939562968309,0,0,feature_059;feature_247;feature_519;feature_065;feature_475,global_model_importance,random_forest_depth_none_leaf_8,"Anonymous variables are inspection candidates, not proven physical causes."
43,secom_1494,2008-10-13 22:54:00,0.15380222235661908,0,0,feature_059;feature_247;feature_519;feature_065;feature_475,global_model_importance,random_forest_depth_none_leaf_8,"Anonymous variables are inspection candidates, not proven physical causes."
44,secom_1385,2008-10-07 03:39:00,0.15337270025835187,0,0,feature_059;feature_247;feature_519;feature_065;feature_475,global_model_importance,random_forest_depth_none_leaf_8,"Anonymous variables are inspection candidates, not proven physical causes."
45,secom_1348,2008-10-06 06:26:00,0.15243093538959532,0,0,feature_059;feature_247;feature_519;feature_065;feature_475,global_model_importance,random_forest_depth_none_leaf_8,"Anonymous variables are inspection candidates, not proven physical causes."
46,secom_1368,2008-10-06 16:42:00,0.15171784035327224,0,0,feature_059;feature_247;feature_519;feature_065;feature_475,global_model_importance,random_forest_depth_none_leaf_8,"Anonymous variables are inspection candidates, not proven physical causes."
47,secom_1261,2008-10-03 00:55:00,0.15166561495949804,0,0,feature_059;feature_247;feature_519;feature_065;feature_475,global_model_importance,random_forest_depth_none_leaf_8,"Anonymous variables are inspection candidates, not proven physical causes."
48,secom_1225,2008-10-02 00:21:00,0.15129409263678448,0,0,feature_059;feature_247;feature_519;feature_065;feature_475,global_model_importance,random_forest_depth_none_leaf_8,"Anonymous variables are inspection candidates, not proven physical causes."
49,secom_1361,2008-10-06 12:42:00,0.15044331394357166,0,0,feature_059;feature_247;feature_519;feature_065;feature_475,global_model_importance,random_forest_depth_none_leaf_8,"Anonymous variables are inspection candidates, not proven physical causes."
50,secom_1336,2008-10-06 01:25:00,0.15016939568393825,0,0,feature_059;feature_247;feature_519;feature_065;feature_475,global_model_importance,random_forest_depth_none_leaf_8,"Anonymous variables are inspection candidates, not proven physical causes."
51,secom_1187,2008-09-30 01:33:00,0.14959246282593464,0,0,feature_059;feature_247;feature_519;feature_065;feature_475,global_model_importance,random_forest_depth_none_leaf_8,"Anonymous variables are inspection candidates, not proven physical causes."
52,secom_1196,2008-09-30 14:36:00,0.14906396745488576,0,0,feature_059;feature_247;feature_519;feature_065;feature_475,global_model_importance,random_forest_depth_none_leaf_8,"Anonymous variables are inspection candidates, not proven physical causes."
53,secom_1219,2008-10-01 16:43:00,0.14740057745102658,0,0,feature_059;feature_247;feature_519;feature_065;feature_475,global_model_importance,random_forest_depth_none_leaf_8,"Anonymous variables are inspection candidates, not proven physical causes."
54,secom_1337,2008-10-06 01:27:00,0.14721126018827643,0,0,feature_059;feature_247;feature_519;feature_065;feature_475,global_model_importance,random_forest_depth_none_leaf_8,"Anonymous variables are inspection candidates, not proven physical causes."
55,secom_1238,2008-10-02 09:10:00,0.14669049746431165,0,1,feature_059;feature_247;feature_519;feature_065;feature_475,global_model_importance,random_forest_depth_none_leaf_8,"Anonymous variables are inspection candidates, not proven physical causes."
56,secom_1278,2008-10-03 20:35:00,0.146654899602531,0,0,feature_059;feature_247;feature_519;feature_065;feature_475,global_model_importance,random_forest_depth_none_leaf_8,"Anonymous variables are inspection candidates, not proven physical causes."
57,secom_1435,2008-10-08 23:13:00,0.14621815319927622,0,0,feature_059;feature_247;feature_519;feature_065;feature_475,global_model_importance,random_forest_depth_none_leaf_8,"Anonymous variables are inspection candidates, not proven physical causes."
58,secom_1346,2008-10-06 05:24:00,0.14565441765259737,0,0,feature_059;feature_247;feature_519;feature_065;feature_475,global_model_importance,random_forest_depth_none_leaf_8,"Anonymous variables are inspection candidates, not proven physical causes."
59,secom_1244,2008-10-02 15:10:00,0.14547324446891802,0,0,feature_059;feature_247;feature_519;feature_065;feature_475,global_model_importance,random_forest_depth_none_leaf_8,"Anonymous variables are inspection candidates, not proven physical causes."
60,secom_1453,2008-10-10 21:07:00,0.14506548133393235,0,0,feature_059;feature_247;feature_519;feature_065;feature_475,global_model_importance,random_forest_depth_none_leaf_8,"Anonymous variables are inspection candidates, not proven physical causes."
61,secom_1436,2008-10-08 23:50:00,0.14500859309969222,0,0,feature_059;feature_247;feature_519;feature_065;feature_475,global_model_importance,random_forest_depth_none_leaf_8,"Anonymous variables are inspection candidates, not proven physical causes."
62,secom_1390,2008-10-07 09:11:00,0.14448328395430898,0,0,feature_059;feature_247;feature_519;feature_065;feature_475,global_model_importance,random_forest_depth_none_leaf_8,"Anonymous variables are inspection candidates, not proven physical causes."
63,secom_1496,2008-10-14 03:21:00,0.14377293614569242,0,0,feature_059;feature_247;feature_519;feature_065;feature_475,global_model_importance,random_forest_depth_none_leaf_8,"Anonymous variables are inspection candidates, not proven physical causes."
64,secom_1412,2008-10-08 05:35:00,0.14354564553860477,0,0,feature_059;feature_247;feature_519;feature_065;feature_475,global_model_importance,random_forest_depth_none_leaf_8,"Anonymous variables are inspection candidates, not proven physical causes."
65,secom_1464,2008-10-11 23:16:00,0.1432671998085454,0,0,feature_059;feature_247;feature_519;feature_065;feature_475,global_model_importance,random_forest_depth_none_leaf_8,"Anonymous variables are inspection candidates, not proven physical causes."
66,secom_1426,2008-10-08 16:26:00,0.14286326985525843,0,0,feature_059;feature_247;feature_519;feature_065;feature_475,global_model_importance,random_forest_depth_none_leaf_8,"Anonymous variables are inspection candidates, not proven physical causes."
67,secom_1293,2008-10-04 16:58:00,0.14223162162666808,0,0,feature_059;feature_247;feature_519;feature_065;feature_475,global_model_importance,random_forest_depth_none_leaf_8,"Anonymous variables are inspection candidates, not proven physical causes."
68,secom_1330,2008-10-05 18:59:00,0.14215516058632796,0,0,feature_059;feature_247;feature_519;feature_065;feature_475,global_model_importance,random_forest_depth_none_leaf_8,"Anonymous variables are inspection candidates, not proven physical causes."
69,secom_1560,2008-10-16 05:58:00,0.1411263408273074,0,0,feature_059;feature_247;feature_519;feature_065;feature_475,global_model_importance,random_forest_depth_none_leaf_8,"Anonymous variables are inspection candidates, not proven physical causes."
70,secom_1328,2008-10-05 16:49:00,0.14077653901307263,0,1,feature_059;feature_247;feature_519;feature_065;feature_475,global_model_importance,random_forest_depth_none_leaf_8,"Anonymous variables are inspection candidates, not proven physical causes."
71,secom_1455,2008-10-11 02:55:00,0.1407649758902095,0,0,feature_059;feature_247;feature_519;feature_065;feature_475,global_model_importance,random_forest_depth_none_leaf_8,"Anonymous variables are inspection candidates, not proven physical causes."
72,secom_1263,2008-10-03 03:52:00,0.14066220293563095,0,0,feature_059;feature_247;feature_519;feature_065;feature_475,global_model_importance,random_forest_depth_none_leaf_8,"Anonymous variables are inspection candidates, not proven physical causes."
73,secom_1217,2008-10-01 14:22:00,0.1402527068167014,0,0,feature_059;feature_247;feature_519;feature_065;feature_475,global_model_importance,random_forest_depth_none_leaf_8,"Anonymous variables are inspection candidates, not proven physical causes."
74,secom_1360,2008-10-06 12:39:00,0.13953302496288023,0,0,feature_059;feature_247;feature_519;feature_065;feature_475,global_model_importance,random_forest_depth_none_leaf_8,"Anonymous variables are inspection candidates, not proven physical causes."
75,secom_1298,2008-10-04 19:47:00,0.13906416983109707,0,0,feature_059;feature_247;feature_519;feature_065;feature_475,global_model_importance,random_forest_depth_none_leaf_8,"Anonymous variables are inspection candidates, not proven physical causes."
76,secom_1190,2008-09-30 04:01:00,0.13901440896632192,0,0,feature_059;feature_247;feature_519;feature_065;feature_475,global_model_importance,random_forest_depth_none_leaf_8,"Anonymous variables are inspection candidates, not proven physical causes."
77,secom_1401,2008-10-07 13:48:00,0.13897734471017967,0,0,feature_059;feature_247;feature_519;feature_065;feature_475,global_model_importance,random_forest_depth_none_leaf_8,"Anonymous variables are inspection candidates, not proven physical causes."
78,secom_1558,2008-10-16 05:13:00,0.13888027523503357,0,0,feature_059;feature_247;feature_519;feature_065;feature_475,global_model_importance,random_forest_depth_none_leaf_8,"Anonymous variables are inspection candidates, not proven physical causes."
79,secom_1398,2008-10-07 11:36:00,0.13875819903767375,0,0,feature_059;feature_247;feature_519;feature_065;feature_475,global_model_importance,random_forest_depth_none_leaf_8,"Anonymous variables are inspection candidates, not proven physical causes."
80,secom_1485,2008-10-13 19:36:00,0.13856392723702637,0,0,feature_059;feature_247;feature_519;feature_065;feature_475,global_model_importance,random_forest_depth_none_leaf_8,"Anonymous variables are inspection candidates, not proven physical causes."
81,secom_1511,2008-10-15 00:03:00,0.13851854624076515,0,0,feature_059;feature_247;feature_519;feature_065;feature_475,global_model_importance,random_forest_depth_none_leaf_8,"Anonymous variables are inspection candidates, not proven physical causes."
82,secom_1512,2008-10-15 00:27:00,0.13778983624580876,0,0,feature_059;feature_247;feature_519;feature_065;feature_475,global_model_importance,random_forest_depth_none_leaf_8,"Anonymous variables are inspection candidates, not proven physical causes."
83,secom_1245,2008-10-02 15:44:00,0.1377244636434143,0,0,feature_059;feature_247;feature_519;feature_065;feature_475,global_model_importance,random_forest_depth_none_leaf_8,"Anonymous variables are inspection candidates, not proven physical causes."
84,secom_1240,2008-10-02 10:03:00,0.13749562787946207,0,0,feature_059;feature_247;feature_519;feature_065;feature_475,global_model_importance,random_forest_depth_none_leaf_8,"Anonymous variables are inspection candidates, not proven physical causes."
85,secom_1273,2008-10-03 18:45:00,0.13693702660770102,0,0,feature_059;feature_247;feature_519;feature_065;feature_475,global_model_importance,random_forest_depth_none_leaf_8,"Anonymous variables are inspection candidates, not proven physical causes."
86,secom_1260,2008-10-03 00:24:00,0.13668962752115357,0,0,feature_059;feature_247;feature_519;feature_065;feature_475,global_model_importance,random_forest_depth_none_leaf_8,"Anonymous variables are inspection candidates, not proven physical causes."
87,secom_1469,2008-10-12 03:21:00,0.13665279000911354,0,0,feature_059;feature_247;feature_519;feature_065;feature_475,global_model_importance,random_forest_depth_none_leaf_8,"Anonymous variables are inspection candidates, not proven physical causes."
88,secom_1422,2008-10-08 13:35:00,0.13634585617166897,0,0,feature_059;feature_247;feature_519;feature_065;feature_475,global_model_importance,random_forest_depth_none_leaf_8,"Anonymous variables are inspection candidates, not proven physical causes."
89,secom_1255,2008-10-02 21:33:00,0.13605019641284674,0,0,feature_059;feature_247;feature_519;feature_065;feature_475,global_model_importance,random_forest_depth_none_leaf_8,"Anonymous variables are inspection candidates, not proven physical causes."
90,secom_1461,2008-10-11 14:43:00,0.13581899941119602,0,0,feature_059;feature_247;feature_519;feature_065;feature_475,global_model_importance,random_forest_depth_none_leaf_8,"Anonymous variables are inspection candidates, not proven physical causes."
91,secom_1353,2008-10-06 07:38:00,0.1355814663715088,0,0,feature_059;feature_247;feature_519;feature_065;feature_475,global_model_importance,random_forest_depth_none_leaf_8,"Anonymous variables are inspection candidates, not proven physical causes."
92,secom_1540,2008-10-15 21:44:00,0.13541808821761145,0,0,feature_059;feature_247;feature_519;feature_065;feature_475,global_model_importance,random_forest_depth_none_leaf_8,"Anonymous variables are inspection candidates, not proven physical causes."
93,secom_1253,2008-10-02 20:54:00,0.13526545859260683,0,0,feature_059;feature_247;feature_519;feature_065;feature_475,global_model_importance,random_forest_depth_none_leaf_8,"Anonymous variables are inspection candidates, not proven physical causes."
94,secom_1312,2008-10-05 08:02:00,0.13491468527890305,0,0,feature_059;feature_247;feature_519;feature_065;feature_475,global_model_importance,random_forest_depth_none_leaf_8,"Anonymous variables are inspection candidates, not proven physical causes."
95,secom_1281,2008-10-03 21:52:00,0.13465401026730292,0,0,feature_059;feature_247;feature_519;feature_065;feature_475,global_model_importance,random_forest_depth_none_leaf_8,"Anonymous variables are inspection candidates, not proven physical causes."
96,secom_1359,2008-10-06 11:51:00,0.13464205496352577,0,0,feature_059;feature_247;feature_519;feature_065;feature_475,global_model_importance,random_forest_depth_none_leaf_8,"Anonymous variables are inspection candidates, not proven physical causes."
97,secom_1334,2008-10-05 22:13:00,0.1337593066681348,0,0,feature_059;feature_247;feature_519;feature_065;feature_475,global_model_importance,random_forest_depth_none_leaf_8,"Anonymous variables are inspection candidates, not proven physical causes."
98,secom_1199,2008-09-30 16:13:00,0.13360887136593255,0,0,feature_059;feature_247;feature_519;feature_065;feature_475,global_model_importance,random_forest_depth_none_leaf_8,"Anonymous variables are inspection candidates, not proven physical causes."
99,secom_1557,2008-10-16 05:08:00,0.13352768211027402,0,0,feature_059;feature_247;feature_519;feature_065;feature_475,global_model_importance,random_forest_depth_none_leaf_8,"Anonymous variables are inspection candidates, not proven physical causes."
100,secom_1490,2008-10-13 21:20:00,0.1333402610386135,0,0,feature_059;feature_247;feature_519;feature_065;feature_475,global_model_importance,random_forest_depth_none_leaf_8,"Anonymous variables are inspection candidates, not proven physical causes."
101,secom_1417,2008-10-08 07:16:00,0.1333216092380894,0,0,feature_059;feature_247;feature_519;feature_065;feature_475,global_model_importance,random_forest_depth_none_leaf_8,"Anonymous variables are inspection candidates, not proven physical causes."
102,secom_1316,2008-10-05 10:00:00,0.13324674343521684,0,0,feature_059;feature_247;feature_519;feature_065;feature_475,global_model_importance,random_forest_depth_none_leaf_8,"Anonymous variables are inspection candidates, not proven physical causes."
103,secom_1205,2008-09-30 21:42:00,0.13268125411915063,0,0,feature_059;feature_247;feature_519;feature_065;feature_475,global_model_importance,random_forest_depth_none_leaf_8,"Anonymous variables are inspection candidates, not proven physical causes."
104,secom_1242,2008-10-02 14:10:00,0.1326075268971619,0,1,feature_059;feature_247;feature_519;feature_065;feature_475,global_model_importance,random_forest_depth_none_leaf_8,"Anonymous variables are inspection candidates, not proven physical causes."
105,secom_1356,2008-10-06 09:11:00,0.1325085385969836,0,0,feature_059;feature_247;feature_519;feature_065;feature_475,global_model_importance,random_forest_depth_none_leaf_8,"Anonymous variables are inspection candidates, not proven physical causes."
106,secom_1421,2008-10-08 12:11:00,0.13225199059485562,0,0,feature_059;feature_247;feature_519;feature_065;feature_475,global_model_importance,random_forest_depth_none_leaf_8,"Anonymous variables are inspection candidates, not proven physical causes."
107,secom_1375,2008-10-06 19:42:00,0.1321477558250282,0,0,feature_059;feature_247;feature_519;feature_065;feature_475,global_model_importance,random_forest_depth_none_leaf_8,"Anonymous variables are inspection candidates, not proven physical causes."
108,secom_1378,2008-10-06 20:47:00,0.13187251828770125,0,0,feature_059;feature_247;feature_519;feature_065;feature_475,global_model_importance,random_forest_depth_none_leaf_8,"Anonymous variables are inspection candidates, not proven physical causes."
109,secom_1406,2008-10-07 18:39:00,0.1318377488639679,0,0,feature_059;feature_247;feature_519;feature_065;feature_475,global_model_importance,random_forest_depth_none_leaf_8,"Anonymous variables are inspection candidates, not proven physical causes."
110,secom_1399,2008-10-07 12:40:00,0.13166707311992992,0,0,feature_059;feature_247;feature_519;feature_065;feature_475,global_model_importance,random_forest_depth_none_leaf_8,"Anonymous variables are inspection candidates, not proven physical causes."
111,secom_1246,2008-10-02 15:58:00,0.13159395435980537,0,0,feature_059;feature_247;feature_519;feature_065;feature_475,global_model_importance,random_forest_depth_none_leaf_8,"Anonymous variables are inspection candidates, not proven physical causes."
112,secom_1184,2008-09-29 21:26:00,0.13149996857091556,0,0,feature_059;feature_247;feature_519;feature_065;feature_475,global_model_importance,random_forest_depth_none_leaf_8,"Anonymous variables are inspection candidates, not proven physical causes."
113,secom_1374,2008-10-06 18:55:00,0.13133959471675555,0,0,feature_059;feature_247;feature_519;feature_065;feature_475,global_model_importance,random_forest_depth_none_leaf_8,"Anonymous variables are inspection candidates, not proven physical causes."
114,secom_1379,2008-10-06 21:46:00,0.1306453477428019,0,0,feature_059;feature_247;feature_519;feature_065;feature_475,global_model_importance,random_forest_depth_none_leaf_8,"Anonymous variables are inspection candidates, not proven physical causes."
115,secom_1424,2008-10-08 14:48:00,0.13060194791040441,0,0,feature_059;feature_247;feature_519;feature_065;feature_475,global_model_importance,random_forest_depth_none_leaf_8,"Anonymous variables are inspection candidates, not proven physical causes."
116,secom_1472,2008-10-12 18:47:00,0.130335134438463,0,0,feature_059;feature_247;feature_519;feature_065;feature_475,global_model_importance,random_forest_depth_none_leaf_8,"Anonymous variables are inspection candidates, not proven physical causes."
117,secom_1543,2008-10-15 23:00:00,0.13032484110750833,0,0,feature_059;feature_247;feature_519;feature_065;feature_475,global_model_importance,random_forest_depth_none_leaf_8,"Anonymous variables are inspection candidates, not proven physical causes."
118,secom_1487,2008-10-13 20:10:00,0.13023828874917395,0,0,feature_059;feature_247;feature_519;feature_065;feature_475,global_model_importance,random_forest_depth_none_leaf_8,"Anonymous variables are inspection candidates, not proven physical causes."
119,secom_1299,2008-10-04 19:54:00,0.1294205664256442,0,0,feature_059;feature_247;feature_519;feature_065;feature_475,global_model_importance,random_forest_depth_none_leaf_8,"Anonymous variables are inspection candidates, not proven physical causes."
120,secom_1479,2008-10-13 14:30:00,0.12917657044712022,0,0,feature_059;feature_247;feature_519;feature_065;feature_475,global_model_importance,random_forest_depth_none_leaf_8,"Anonymous variables are inspection candidates, not proven physical causes."
121,secom_1553,2008-10-16 04:04:00,0.12903927373760532,0,0,feature_059;feature_247;feature_519;feature_065;feature_475,global_model_importance,random_forest_depth_none_leaf_8,"Anonymous variables are inspection candidates, not proven physical causes."
122,secom_1527,2008-10-15 08:21:00,0.12849882249140146,0,0,feature_059;feature_247;feature_519;feature_065;feature_475,global_model_importance,random_forest_depth_none_leaf_8,"Anonymous variables are inspection candidates, not proven physical causes."
123,secom_1283,2008-10-03 22:53:00,0.12820174901039494,0,0,feature_059;feature_247;feature_519;feature_065;feature_475,global_model_importance,random_forest_depth_none_leaf_8,"Anonymous variables are inspection candidates, not proven physical causes."
124,secom_1324,2008-10-05 15:30:00,0.12810899439533557,0,1,feature_059;feature_247;feature_519;feature_065;feature_475,global_model_importance,random_forest_depth_none_leaf_8,"Anonymous variables are inspection candidates, not proven physical causes."
125,secom_1296,2008-10-04 18:59:00,0.1278192763235125,0,0,feature_059;feature_247;feature_519;feature_065;feature_475,global_model_importance,random_forest_depth_none_leaf_8,"Anonymous variables are inspection candidates, not proven physical causes."
126,secom_1183,2008-09-29 17:21:00,0.1275672862180092,0,0,feature_059;feature_247;feature_519;feature_065;feature_475,global_model_importance,random_forest_depth_none_leaf_8,"Anonymous variables are inspection candidates, not proven physical causes."
127,secom_1470,2008-10-12 03:28:00,0.1269249208299342,0,0,feature_059;feature_247;feature_519;feature_065;feature_475,global_model_importance,random_forest_depth_none_leaf_8,"Anonymous variables are inspection candidates, not proven physical causes."
128,secom_1514,2008-10-15 01:52:00,0.12666751443564098,0,0,feature_059;feature_247;feature_519;feature_065;feature_475,global_model_importance,random_forest_depth_none_leaf_8,"Anonymous variables are inspection candidates, not proven physical causes."
129,secom_1497,2008-10-14 03:28:00,0.12604671235513173,0,0,feature_059;feature_247;feature_519;feature_065;feature_475,global_model_importance,random_forest_depth_none_leaf_8,"Anonymous variables are inspection candidates, not proven physical causes."
130,secom_1544,2008-10-15 23:45:00,0.12591100901987473,0,0,feature_059;feature_247;feature_519;feature_065;feature_475,global_model_importance,random_forest_depth_none_leaf_8,"Anonymous variables are inspection candidates, not proven physical causes."
131,secom_1473,2008-10-13 03:34:00,0.12570080339062903,0,0,feature_059;feature_247;feature_519;feature_065;feature_475,global_model_importance,random_forest_depth_none_leaf_8,"Anonymous variables are inspection candidates, not proven physical causes."
132,secom_1498,2008-10-14 03:35:00,0.1256644903702883,0,0,feature_059;feature_247;feature_519;feature_065;feature_475,global_model_importance,random_forest_depth_none_leaf_8,"Anonymous variables are inspection candidates, not proven physical causes."
133,secom_1532,2008-10-15 13:16:00,0.12564290639443984,0,0,feature_059;feature_247;feature_519;feature_065;feature_475,global_model_importance,random_forest_depth_none_leaf_8,"Anonymous variables are inspection candidates, not proven physical causes."
134,secom_1347,2008-10-06 06:11:00,0.12535544290758854,0,0,feature_059;feature_247;feature_519;feature_065;feature_475,global_model_importance,random_forest_depth_none_leaf_8,"Anonymous variables are inspection candidates, not proven physical causes."
135,secom_1229,2008-10-02 04:11:00,0.1246411570663755,0,0,feature_059;feature_247;feature_519;feature_065;feature_475,global_model_importance,random_forest_depth_none_leaf_8,"Anonymous variables are inspection candidates, not proven physical causes."
136,secom_1445,2008-10-10 10:05:00,0.12457317222068642,0,0,feature_059;feature_247;feature_519;feature_065;feature_475,global_model_importance,random_forest_depth_none_leaf_8,"Anonymous variables are inspection candidates, not proven physical causes."
137,secom_1465,2008-10-11 23:58:00,0.12456869750789105,0,0,feature_059;feature_247;feature_519;feature_065;feature_475,global_model_importance,random_forest_depth_none_leaf_8,"Anonymous variables are inspection candidates, not proven physical causes."
138,secom_1515,2008-10-15 01:52:00,0.12446605116406434,0,0,feature_059;feature_247;feature_519;feature_065;feature_475,global_model_importance,random_forest_depth_none_leaf_8,"Anonymous variables are inspection candidates, not proven physical causes."
139,secom_1191,2008-09-30 04:42:00,0.12446230881481465,0,0,feature_059;feature_247;feature_519;feature_065;feature_475,global_model_importance,random_forest_depth_none_leaf_8,"Anonymous variables are inspection candidates, not proven physical causes."
140,secom_1209,2008-10-01 01:11:00,0.12366343397152396,0,0,feature_059;feature_247;feature_519;feature_065;feature_475,global_model_importance,random_forest_depth_none_leaf_8,"Anonymous variables are inspection candidates, not proven physical causes."
141,secom_1377,2008-10-06 20:36:00,0.12365431817158457,0,0,feature_059;feature_247;feature_519;feature_065;feature_475,global_model_importance,random_forest_depth_none_leaf_8,"Anonymous variables are inspection candidates, not proven physical causes."
142,secom_1530,2008-10-15 12:53:00,0.12360560479146633,0,0,feature_059;feature_247;feature_519;feature_065;feature_475,global_model_importance,random_forest_depth_none_leaf_8,"Anonymous variables are inspection candidates, not proven physical causes."
143,secom_1384,2008-10-07 03:29:00,0.12339161057860171,0,0,feature_059;feature_247;feature_519;feature_065;feature_475,global_model_importance,random_forest_depth_none_leaf_8,"Anonymous variables are inspection candidates, not proven physical causes."
144,secom_1269,2008-10-03 08:35:00,0.12329850471964737,0,0,feature_059;feature_247;feature_519;feature_065;feature_475,global_model_importance,random_forest_depth_none_leaf_8,"Anonymous variables are inspection candidates, not proven physical causes."
145,secom_1564,2008-10-17 05:26:00,0.12323304142204235,0,0,feature_059;feature_247;feature_519;feature_065;feature_475,global_model_importance,random_forest_depth_none_leaf_8,"Anonymous variables are inspection candidates, not proven physical causes."
146,secom_1509,2008-10-14 21:36:00,0.12209587514445884,0,0,feature_059;feature_247;feature_519;feature_065;feature_475,global_model_importance,random_forest_depth_none_leaf_8,"Anonymous variables are inspection candidates, not proven physical causes."
147,secom_1285,2008-10-04 00:58:00,0.12124838709074678,0,0,feature_059;feature_247;feature_519;feature_065;feature_475,global_model_importance,random_forest_depth_none_leaf_8,"Anonymous variables are inspection candidates, not proven physical causes."
148,secom_1241,2008-10-02 14:07:00,0.1206419553962177,0,1,feature_059;feature_247;feature_519;feature_065;feature_475,global_model_importance,random_forest_depth_none_leaf_8,"Anonymous variables are inspection candidates, not proven physical causes."
149,secom_1297,2008-10-04 19:12:00,0.12000787358484986,0,0,feature_059;feature_247;feature_519;feature_065;feature_475,global_model_importance,random_forest_depth_none_leaf_8,"Anonymous variables are inspection candidates, not proven physical causes."
150,secom_1250,2008-10-02 17:19:00,0.1199975660911636,0,0,feature_059;feature_247;feature_519;feature_065;feature_475,global_model_importance,random_forest_depth_none_leaf_8,"Anonymous variables are inspection candidates, not proven physical causes."
151,secom_1270,2008-10-03 09:30:00,0.11986173192057721,0,0,feature_059;feature_247;feature_519;feature_065;feature_475,global_model_importance,random_forest_depth_none_leaf_8,"Anonymous variables are inspection candidates, not proven physical causes."
152,secom_1226,2008-10-02 00:22:00,0.11966166636689697,0,0,feature_059;feature_247;feature_519;feature_065;feature_475,global_model_importance,random_forest_depth_none_leaf_8,"Anonymous variables are inspection candidates, not proven physical causes."
153,secom_1528,2008-10-15 09:11:00,0.11936564026395338,0,0,feature_059;feature_247;feature_519;feature_065;feature_475,global_model_importance,random_forest_depth_none_leaf_8,"Anonymous variables are inspection candidates, not proven physical causes."
154,secom_1382,2008-10-06 23:03:00,0.11863684077506813,0,0,feature_059;feature_247;feature_519;feature_065;feature_475,global_model_importance,random_forest_depth_none_leaf_8,"Anonymous variables are inspection candidates, not proven physical causes."
155,secom_1407,2008-10-07 19:24:00,0.11843183380959468,0,0,feature_059;feature_247;feature_519;feature_065;feature_475,global_model_importance,random_forest_depth_none_leaf_8,"Anonymous variables are inspection candidates, not proven physical causes."
156,secom_1554,2008-10-16 04:47:00,0.11779925260202645,0,0,feature_059;feature_247;feature_519;feature_065;feature_475,global_model_importance,random_forest_depth_none_leaf_8,"Anonymous variables are inspection candidates, not proven physical causes."
157,secom_1443,2008-10-09 15:55:00,0.11765263734770952,0,1,feature_059;feature_247;feature_519;feature_065;feature_475,global_model_importance,random_forest_depth_none_leaf_8,"Anonymous variables are inspection candidates, not proven physical causes."
158,secom_1403,2008-10-07 16:32:00,0.11764340519591927,0,0,feature_059;feature_247;feature_519;feature_065;feature_475,global_model_importance,random_forest_depth_none_leaf_8,"Anonymous variables are inspection candidates, not proven physical causes."
159,secom_1195,2008-09-30 14:20:00,0.1175528512649566,0,0,feature_059;feature_247;feature_519;feature_065;feature_475,global_model_importance,random_forest_depth_none_leaf_8,"Anonymous variables are inspection candidates, not proven physical causes."
160,secom_1552,2008-10-16 04:02:00,0.1170869079579477,0,0,feature_059;feature_247;feature_519;feature_065;feature_475,global_model_importance,random_forest_depth_none_leaf_8,"Anonymous variables are inspection candidates, not proven physical causes."
161,secom_1484,2008-10-13 19:17:00,0.1170016975630671,0,0,feature_059;feature_247;feature_519;feature_065;feature_475,global_model_importance,random_forest_depth_none_leaf_8,"Anonymous variables are inspection candidates, not proven physical causes."
162,secom_1386,2008-10-07 07:32:00,0.11641974919873672,0,0,feature_059;feature_247;feature_519;feature_065;feature_475,global_model_importance,random_forest_depth_none_leaf_8,"Anonymous variables are inspection candidates, not proven physical causes."
163,secom_1481,2008-10-13 15:42:00,0.11640300153384513,0,0,feature_059;feature_247;feature_519;feature_065;feature_475,global_model_importance,random_forest_depth_none_leaf_8,"Anonymous variables are inspection candidates, not proven physical causes."
164,secom_1264,2008-10-03 03:56:00,0.11631923743896103,0,0,feature_059;feature_247;feature_519;feature_065;feature_475,global_model_importance,random_forest_depth_none_leaf_8,"Anonymous variables are inspection candidates, not proven physical causes."
165,secom_1331,2008-10-05 19:45:00,0.1162686204622828,0,0,feature_059;feature_247;feature_519;feature_065;feature_475,global_model_importance,random_forest_depth_none_leaf_8,"Anonymous variables are inspection candidates, not proven physical causes."
166,secom_1259,2008-10-02 23:32:00,0.11623255318906428,0,0,feature_059;feature_247;feature_519;feature_065;feature_475,global_model_importance,random_forest_depth_none_leaf_8,"Anonymous variables are inspection candidates, not proven physical causes."
167,secom_1280,2008-10-03 21:15:00,0.11621468334938875,0,0,feature_059;feature_247;feature_519;feature_065;feature_475,global_model_importance,random_forest_depth_none_leaf_8,"Anonymous variables are inspection candidates, not proven physical causes."
168,secom_1389,2008-10-07 08:26:00,0.11609870038198641,0,0,feature_059;feature_247;feature_519;feature_065;feature_475,global_model_importance,random_forest_depth_none_leaf_8,"Anonymous variables are inspection candidates, not proven physical causes."
169,secom_1409,2008-10-07 20:39:00,0.11600683770066247,0,0,feature_059;feature_247;feature_519;feature_065;feature_475,global_model_importance,random_forest_depth_none_leaf_8,"Anonymous variables are inspection candidates, not proven physical causes."
170,secom_1510,2008-10-14 23:07:00,0.11575549279684369,0,0,feature_059;feature_247;feature_519;feature_065;feature_475,global_model_importance,random_forest_depth_none_leaf_8,"Anonymous variables are inspection candidates, not proven physical causes."
171,secom_1449,2008-10-10 15:33:00,0.11557121810192104,0,0,feature_059;feature_247;feature_519;feature_065;feature_475,global_model_importance,random_forest_depth_none_leaf_8,"Anonymous variables are inspection candidates, not proven physical causes."
172,secom_1308,2008-10-05 04:48:00,0.11549252361645405,0,0,feature_059;feature_247;feature_519;feature_065;feature_475,global_model_importance,random_forest_depth_none_leaf_8,"Anonymous variables are inspection candidates, not proven physical causes."
173,secom_1466,2008-10-12 00:57:00,0.11547143042356316,0,0,feature_059;feature_247;feature_519;feature_065;feature_475,global_model_importance,random_forest_depth_none_leaf_8,"Anonymous variables are inspection candidates, not proven physical causes."
174,secom_1310,2008-10-05 05:53:00,0.11544240594995223,0,0,feature_059;feature_247;feature_519;feature_065;feature_475,global_model_importance,random_forest_depth_none_leaf_8,"Anonymous variables are inspection candidates, not proven physical causes."
175,secom_1561,2008-10-16 15:02:00,0.11537479787857048,0,0,feature_059;feature_247;feature_519;feature_065;feature_475,global_model_importance,random_forest_depth_none_leaf_8,"Anonymous variables are inspection candidates, not proven physical causes."
176,secom_1354,2008-10-06 08:24:00,0.1153668240257855,0,0,feature_059;feature_247;feature_519;feature_065;feature_475,global_model_importance,random_forest_depth_none_leaf_8,"Anonymous variables are inspection candidates, not proven physical causes."
177,secom_1535,2008-10-15 16:24:00,0.11533016638726713,0,0,feature_059;feature_247;feature_519;feature_065;feature_475,global_model_importance,random_forest_depth_none_leaf_8,"Anonymous variables are inspection candidates, not proven physical causes."
178,secom_1376,2008-10-06 20:02:00,0.11525093425781273,0,0,feature_059;feature_247;feature_519;feature_065;feature_475,global_model_importance,random_forest_depth_none_leaf_8,"Anonymous variables are inspection candidates, not proven physical causes."
179,secom_1460,2008-10-11 08:27:00,0.11501858705464739,0,0,feature_059;feature_247;feature_519;feature_065;feature_475,global_model_importance,random_forest_depth_none_leaf_8,"Anonymous variables are inspection candidates, not proven physical causes."
180,secom_1444,2008-10-09 15:56:00,0.11450109209712475,0,0,feature_059;feature_247;feature_519;feature_065;feature_475,global_model_importance,random_forest_depth_none_leaf_8,"Anonymous variables are inspection candidates, not proven physical causes."
181,secom_1400,2008-10-07 13:10:00,0.11433754261327776,0,1,feature_059;feature_247;feature_519;feature_065;feature_475,global_model_importance,random_forest_depth_none_leaf_8,"Anonymous variables are inspection candidates, not proven physical causes."
182,secom_1525,2008-10-15 07:36:00,0.11430807414524305,0,0,feature_059;feature_247;feature_519;feature_065;feature_475,global_model_importance,random_forest_depth_none_leaf_8,"Anonymous variables are inspection candidates, not proven physical causes."
183,secom_1450,2008-10-10 15:50:00,0.11390993914278087,0,0,feature_059;feature_247;feature_519;feature_065;feature_475,global_model_importance,random_forest_depth_none_leaf_8,"Anonymous variables are inspection candidates, not proven physical causes."
184,secom_1350,2008-10-06 07:12:00,0.11368734206494589,0,0,feature_059;feature_247;feature_519;feature_065;feature_475,global_model_importance,random_forest_depth_none_leaf_8,"Anonymous variables are inspection candidates, not proven physical causes."
185,secom_1243,2008-10-02 14:54:00,0.11325762409512675,0,0,feature_059;feature_247;feature_519;feature_065;feature_475,global_model_importance,random_forest_depth_none_leaf_8,"Anonymous variables are inspection candidates, not proven physical causes."
186,secom_1456,2008-10-11 06:56:00,0.11322110005291955,0,0,feature_059;feature_247;feature_519;feature_065;feature_475,global_model_importance,random_forest_depth_none_leaf_8,"Anonymous variables are inspection candidates, not proven physical causes."
187,secom_1201,2008-09-30 17:27:00,0.1127150593953998,0,0,feature_059;feature_247;feature_519;feature_065;feature_475,global_model_importance,random_forest_depth_none_leaf_8,"Anonymous variables are inspection candidates, not proven physical causes."
188,secom_1476,2008-10-13 12:18:00,0.11202399710165675,0,0,feature_059;feature_247;feature_519;feature_065;feature_475,global_model_importance,random_forest_depth_none_leaf_8,"Anonymous variables are inspection candidates, not proven physical causes."
189,secom_1452,2008-10-10 21:03:00,0.11171885942911171,0,0,feature_059;feature_247;feature_519;feature_065;feature_475,global_model_importance,random_forest_depth_none_leaf_8,"Anonymous variables are inspection candidates, not proven physical causes."
190,secom_1341,2008-10-06 03:31:00,0.11109586466282743,0,0,feature_059;feature_247;feature_519;feature_065;feature_475,global_model_importance,random_forest_depth_none_leaf_8,"Anonymous variables are inspection candidates, not proven physical causes."
191,secom_1457,2008-10-11 07:38:00,0.11109108659044402,0,0,feature_059;feature_247;feature_519;feature_065;feature_475,global_model_importance,random_forest_depth_none_leaf_8,"Anonymous variables are inspection candidates, not proven physical causes."
192,secom_1302,2008-10-04 23:18:00,0.10996277941254064,0,1,feature_059;feature_247;feature_519;feature_065;feature_475,global_model_importance,random_forest_depth_none_leaf_8,"Anonymous variables are inspection candidates, not proven physical causes."
193,secom_1474,2008-10-13 03:53:00,0.10971278334621974,0,0,feature_059;feature_247;feature_519;feature_065;feature_475,global_model_importance,random_forest_depth_none_leaf_8,"Anonymous variables are inspection candidates, not proven physical causes."
194,secom_1373,2008-10-06 18:54:00,0.10939718100423662,0,0,feature_059;feature_247;feature_519;feature_065;feature_475,global_model_importance,random_forest_depth_none_leaf_8,"Anonymous variables are inspection candidates, not proven physical causes."
195,secom_1533,2008-10-15 14:08:00,0.10895507939143032,0,0,feature_059;feature_247;feature_519;feature_065;feature_475,global_model_importance,random_forest_depth_none_leaf_8,"Anonymous variables are inspection candidates, not proven physical causes."
196,secom_1239,2008-10-02 09:42:00,0.1082470701209776,0,0,feature_059;feature_247;feature_519;feature_065;feature_475,global_model_importance,random_forest_depth_none_leaf_8,"Anonymous variables are inspection candidates, not proven physical causes."
197,secom_1230,2008-10-02 04:23:00,0.10814183130775797,0,0,feature_059;feature_247;feature_519;feature_065;feature_475,global_model_importance,random_forest_depth_none_leaf_8,"Anonymous variables are inspection candidates, not proven physical causes."
198,secom_1175,2008-09-29 11:53:00,0.10808280327158218,0,0,feature_059;feature_247;feature_519;feature_065;feature_475,global_model_importance,random_forest_depth_none_leaf_8,"Anonymous variables are inspection candidates, not proven physical causes."
199,secom_1556,2008-10-16 04:54:00,0.10797471237320035,0,0,feature_059;feature_247;feature_519;feature_065;feature_475,global_model_importance,random_forest_depth_none_leaf_8,"Anonymous variables are inspection candidates, not proven physical causes."
200,secom_1520,2008-10-15 03:24:00,0.10732656337667223,0,0,feature_059;feature_247;feature_519;feature_065;feature_475,global_model_importance,random_forest_depth_none_leaf_8,"Anonymous variables are inspection candidates, not proven physical causes."
201,secom_1339,2008-10-06 02:44:00,0.10731598057364083,0,0,feature_059;feature_247;feature_519;feature_065;feature_475,global_model_importance,random_forest_depth_none_leaf_8,"Anonymous variables are inspection candidates, not proven physical causes."
202,secom_1522,2008-10-15 05:13:00,0.10729691687274504,0,0,feature_059;feature_247;feature_519;feature_065;feature_475,global_model_importance,random_forest_depth_none_leaf_8,"Anonymous variables are inspection candidates, not proven physical causes."
203,secom_1506,2008-10-14 20:01:00,0.10721796093193124,0,0,feature_059;feature_247;feature_519;feature_065;feature_475,global_model_importance,random_forest_depth_none_leaf_8,"Anonymous variables are inspection candidates, not proven physical causes."
204,secom_1284,2008-10-03 23:46:00,0.10704925742147542,0,0,feature_059;feature_247;feature_519;feature_065;feature_475,global_model_importance,random_forest_depth_none_leaf_8,"Anonymous variables are inspection candidates, not proven physical causes."
205,secom_1440,2008-10-09 07:38:00,0.10653968837634446,0,0,feature_059;feature_247;feature_519;feature_065;feature_475,global_model_importance,random_forest_depth_none_leaf_8,"Anonymous variables are inspection candidates, not proven physical causes."
206,secom_1431,2008-10-08 20:27:00,0.10621606778135337,0,0,feature_059;feature_247;feature_519;feature_065;feature_475,global_model_importance,random_forest_depth_none_leaf_8,"Anonymous variables are inspection candidates, not proven physical causes."
207,secom_1208,2008-10-01 00:20:00,0.10592687481056286,0,0,feature_059;feature_247;feature_519;feature_065;feature_475,global_model_importance,random_forest_depth_none_leaf_8,"Anonymous variables are inspection candidates, not proven physical causes."
208,secom_1372,2008-10-06 17:35:00,0.10580505336473994,0,0,feature_059;feature_247;feature_519;feature_065;feature_475,global_model_importance,random_forest_depth_none_leaf_8,"Anonymous variables are inspection candidates, not proven physical causes."
209,secom_1294,2008-10-04 18:15:00,0.10574296101001393,0,0,feature_059;feature_247;feature_519;feature_065;feature_475,global_model_importance,random_forest_depth_none_leaf_8,"Anonymous variables are inspection candidates, not proven physical causes."
210,secom_1234,2008-10-02 07:58:00,0.10554712605676954,0,0,feature_059;feature_247;feature_519;feature_065;feature_475,global_model_importance,random_forest_depth_none_leaf_8,"Anonymous variables are inspection candidates, not proven physical causes."
211,secom_1454,2008-10-10 21:16:00,0.10547916041148901,0,0,feature_059;feature_247;feature_519;feature_065;feature_475,global_model_importance,random_forest_depth_none_leaf_8,"Anonymous variables are inspection candidates, not proven physical causes."
212,secom_1277,2008-10-03 20:26:00,0.10544698415255946,0,0,feature_059;feature_247;feature_519;feature_065;feature_475,global_model_importance,random_forest_depth_none_leaf_8,"Anonymous variables are inspection candidates, not proven physical causes."
213,secom_1416,2008-10-08 07:13:00,0.10536663242545898,0,0,feature_059;feature_247;feature_519;feature_065;feature_475,global_model_importance,random_forest_depth_none_leaf_8,"Anonymous variables are inspection candidates, not proven physical causes."
214,secom_1202,2008-09-30 19:17:00,0.10479976028313148,0,0,feature_059;feature_247;feature_519;feature_065;feature_475,global_model_importance,random_forest_depth_none_leaf_8,"Anonymous variables are inspection candidates, not proven physical causes."
215,secom_1369,2008-10-06 16:50:00,0.10425947107440735,0,0,feature_059;feature_247;feature_519;feature_065;feature_475,global_model_importance,random_forest_depth_none_leaf_8,"Anonymous variables are inspection candidates, not proven physical causes."
216,secom_1309,2008-10-05 05:31:00,0.10421128722973005,0,0,feature_059;feature_247;feature_519;feature_065;feature_475,global_model_importance,random_forest_depth_none_leaf_8,"Anonymous variables are inspection candidates, not proven physical causes."
217,secom_1459,2008-10-11 07:42:00,0.10409764654288933,0,0,feature_059;feature_247;feature_519;feature_065;feature_475,global_model_importance,random_forest_depth_none_leaf_8,"Anonymous variables are inspection candidates, not proven physical causes."
218,secom_1352,2008-10-06 07:35:00,0.10408947753670646,0,0,feature_059;feature_247;feature_519;feature_065;feature_475,global_model_importance,random_forest_depth_none_leaf_8,"Anonymous variables are inspection candidates, not proven physical causes."
219,secom_1475,2008-10-13 11:27:00,0.10406940370938039,0,0,feature_059;feature_247;feature_519;feature_065;feature_475,global_model_importance,random_forest_depth_none_leaf_8,"Anonymous variables are inspection candidates, not proven physical causes."
220,secom_1223,2008-10-01 22:47:00,0.1034110992234201,0,0,feature_059;feature_247;feature_519;feature_065;feature_475,global_model_importance,random_forest_depth_none_leaf_8,"Anonymous variables are inspection candidates, not proven physical causes."
221,secom_1274,2008-10-03 19:23:00,0.10306747752309338,0,0,feature_059;feature_247;feature_519;feature_065;feature_475,global_model_importance,random_forest_depth_none_leaf_8,"Anonymous variables are inspection candidates, not proven physical causes."
222,secom_1268,2008-10-03 06:15:00,0.1029017801436635,0,0,feature_059;feature_247;feature_519;feature_065;feature_475,global_model_importance,random_forest_depth_none_leaf_8,"Anonymous variables are inspection candidates, not proven physical causes."
223,secom_1266,2008-10-03 05:01:00,0.10289727606276301,0,0,feature_059;feature_247;feature_519;feature_065;feature_475,global_model_importance,random_forest_depth_none_leaf_8,"Anonymous variables are inspection candidates, not proven physical causes."
224,secom_1550,2008-10-16 03:56:00,0.10281182746710216,0,0,feature_059;feature_247;feature_519;feature_065;feature_475,global_model_importance,random_forest_depth_none_leaf_8,"Anonymous variables are inspection candidates, not proven physical causes."
225,secom_1524,2008-10-15 06:49:00,0.102734344116209,0,0,feature_059;feature_247;feature_519;feature_065;feature_475,global_model_importance,random_forest_depth_none_leaf_8,"Anonymous variables are inspection candidates, not proven physical causes."
226,secom_1548,2008-10-16 02:22:00,0.10266723709891427,0,0,feature_059;feature_247;feature_519;feature_065;feature_475,global_model_importance,random_forest_depth_none_leaf_8,"Anonymous variables are inspection candidates, not proven physical causes."
227,secom_1434,2008-10-08 22:08:00,0.10255898708601978,0,0,feature_059;feature_247;feature_519;feature_065;feature_475,global_model_importance,random_forest_depth_none_leaf_8,"Anonymous variables are inspection candidates, not proven physical causes."
228,secom_1430,2008-10-08 18:22:00,0.10212053337565528,0,0,feature_059;feature_247;feature_519;feature_065;feature_475,global_model_importance,random_forest_depth_none_leaf_8,"Anonymous variables are inspection candidates, not proven physical causes."
229,secom_1319,2008-10-05 11:30:00,0.10206187698180118,0,0,feature_059;feature_247;feature_519;feature_065;feature_475,global_model_importance,random_forest_depth_none_leaf_8,"Anonymous variables are inspection candidates, not proven physical causes."
230,secom_1357,2008-10-06 09:57:00,0.10183808096857357,0,0,feature_059;feature_247;feature_519;feature_065;feature_475,global_model_importance,random_forest_depth_none_leaf_8,"Anonymous variables are inspection candidates, not proven physical causes."
231,secom_1315,2008-10-05 09:47:00,0.10136031869008136,0,0,feature_059;feature_247;feature_519;feature_065;feature_475,global_model_importance,random_forest_depth_none_leaf_8,"Anonymous variables are inspection candidates, not proven physical causes."
232,secom_1499,2008-10-14 13:13:00,0.100873951922568,0,0,feature_059;feature_247;feature_519;feature_065;feature_475,global_model_importance,random_forest_depth_none_leaf_8,"Anonymous variables are inspection candidates, not proven physical causes."
233,secom_1227,2008-10-02 03:17:00,0.100813586802208,0,1,feature_059;feature_247;feature_519;feature_065;feature_475,global_model_importance,random_forest_depth_none_leaf_8,"Anonymous variables are inspection candidates, not proven physical causes."
234,secom_1203,2008-09-30 19:17:00,0.10078038879793444,0,0,feature_059;feature_247;feature_519;feature_065;feature_475,global_model_importance,random_forest_depth_none_leaf_8,"Anonymous variables are inspection candidates, not proven physical causes."
235,secom_1516,2008-10-15 01:52:00,0.10044967398994771,0,0,feature_059;feature_247;feature_519;feature_065;feature_475,global_model_importance,random_forest_depth_none_leaf_8,"Anonymous variables are inspection candidates, not proven physical causes."
236,secom_1429,2008-10-08 17:41:00,0.09999471812261435,0,0,feature_059;feature_247;feature_519;feature_065;feature_475,global_model_importance,random_forest_depth_none_leaf_8,"Anonymous variables are inspection candidates, not proven physical causes."
237,secom_1247,2008-10-02 16:32:00,0.09985510512402401,0,0,feature_059;feature_247;feature_519;feature_065;feature_475,global_model_importance,random_forest_depth_none_leaf_8,"Anonymous variables are inspection candidates, not proven physical causes."
238,secom_1291,2008-10-04 09:29:00,0.09968233058691656,0,0,feature_059;feature_247;feature_519;feature_065;feature_475,global_model_importance,random_forest_depth_none_leaf_8,"Anonymous variables are inspection candidates, not proven physical causes."
239,secom_1231,2008-10-02 04:24:00,0.09928522194410935,0,0,feature_059;feature_247;feature_519;feature_065;feature_475,global_model_importance,random_forest_depth_none_leaf_8,"Anonymous variables are inspection candidates, not proven physical causes."
240,secom_1365,2008-10-06 15:00:00,0.09910199022327147,0,1,feature_059;feature_247;feature_519;feature_065;feature_475,global_model_importance,random_forest_depth_none_leaf_8,"Anonymous variables are inspection candidates, not proven physical causes."
241,secom_1321,2008-10-05 12:17:00,0.09880160976354327,0,0,feature_059;feature_247;feature_519;feature_065;feature_475,global_model_importance,random_forest_depth_none_leaf_8,"Anonymous variables are inspection candidates, not proven physical causes."
242,secom_1252,2008-10-02 19:25:00,0.09875241997085132,0,0,feature_059;feature_247;feature_519;feature_065;feature_475,global_model_importance,random_forest_depth_none_leaf_8,"Anonymous variables are inspection candidates, not proven physical causes."
243,secom_1488,2008-10-13 20:30:00,0.0986949517670068,0,0,feature_059;feature_247;feature_519;feature_065;feature_475,global_model_importance,random_forest_depth_none_leaf_8,"Anonymous variables are inspection candidates, not proven physical causes."
244,secom_1526,2008-10-15 07:55:00,0.09844373321029658,0,0,feature_059;feature_247;feature_519;feature_065;feature_475,global_model_importance,random_forest_depth_none_leaf_8,"Anonymous variables are inspection candidates, not proven physical causes."
245,secom_1210,2008-10-01 02:53:00,0.09812600750045451,0,0,feature_059;feature_247;feature_519;feature_065;feature_475,global_model_importance,random_forest_depth_none_leaf_8,"Anonymous variables are inspection candidates, not proven physical causes."
246,secom_1437,2008-10-09 00:23:00,0.09800047740521524,0,0,feature_059;feature_247;feature_519;feature_065;feature_475,global_model_importance,random_forest_depth_none_leaf_8,"Anonymous variables are inspection candidates, not proven physical causes."
247,secom_1314,2008-10-05 09:04:00,0.09775285620000926,0,0,feature_059;feature_247;feature_519;feature_065;feature_475,global_model_importance,random_forest_depth_none_leaf_8,"Anonymous variables are inspection candidates, not proven physical causes."
248,secom_1500,2008-10-14 13:16:00,0.0974342041067948,0,0,feature_059;feature_247;feature_519;feature_065;feature_475,global_model_importance,random_forest_depth_none_leaf_8,"Anonymous variables are inspection candidates, not proven physical causes."
249,secom_1462,2008-10-11 15:33:00,0.09740360430118848,0,0,feature_059;feature_247;feature_519;feature_065;feature_475,global_model_importance,random_forest_depth_none_leaf_8,"Anonymous variables are inspection candidates, not proven physical causes."
250,secom_1405,2008-10-07 17:28:00,0.09736124036685462,0,0,feature_059;feature_247;feature_519;feature_065;feature_475,global_model_importance,random_forest_depth_none_leaf_8,"Anonymous variables are inspection candidates, not proven physical causes."
251,secom_1562,2008-10-16 15:13:00,0.09709985157972288,0,0,feature_059;feature_247;feature_519;feature_065;feature_475,global_model_importance,random_forest_depth_none_leaf_8,"Anonymous variables are inspection candidates, not proven physical causes."
252,secom_1493,2008-10-13 22:48:00,0.09690877068663291,0,0,feature_059;feature_247;feature_519;feature_065;feature_475,global_model_importance,random_forest_depth_none_leaf_8,"Anonymous variables are inspection candidates, not proven physical causes."
253,secom_1176,2008-09-29 12:25:00,0.09683433793040329,0,0,feature_059;feature_247;feature_519;feature_065;feature_475,global_model_importance,random_forest_depth_none_leaf_8,"Anonymous variables are inspection candidates, not proven physical causes."
254,secom_1507,2008-10-14 20:30:00,0.09668770773850525,0,0,feature_059;feature_247;feature_519;feature_065;feature_475,global_model_importance,random_forest_depth_none_leaf_8,"Anonymous variables are inspection candidates, not proven physical causes."
255,secom_1221,2008-10-01 21:15:00,0.09668194511073064,0,0,feature_059;feature_247;feature_519;feature_065;feature_475,global_model_importance,random_forest_depth_none_leaf_8,"Anonymous variables are inspection candidates, not proven physical causes."
256,secom_1387,2008-10-07 07:41:00,0.0966814521231498,0,0,feature_059;feature_247;feature_519;feature_065;feature_475,global_model_importance,random_forest_depth_none_leaf_8,"Anonymous variables are inspection candidates, not proven physical causes."
257,secom_1492,2008-10-13 21:57:00,0.09656467931961113,0,0,feature_059;feature_247;feature_519;feature_065;feature_475,global_model_importance,random_forest_depth_none_leaf_8,"Anonymous variables are inspection candidates, not proven physical causes."
258,secom_1267,2008-10-03 05:45:00,0.09625324689435365,0,0,feature_059;feature_247;feature_519;feature_065;feature_475,global_model_importance,random_forest_depth_none_leaf_8,"Anonymous variables are inspection candidates, not proven physical causes."
259,secom_1391,2008-10-07 09:20:00,0.09612219038146942,0,0,feature_059;feature_247;feature_519;feature_065;feature_475,global_model_importance,random_forest_depth_none_leaf_8,"Anonymous variables are inspection candidates, not proven physical causes."
260,secom_1265,2008-10-03 04:49:00,0.09611800487849519,0,0,feature_059;feature_247;feature_519;feature_065;feature_475,global_model_importance,random_forest_depth_none_leaf_8,"Anonymous variables are inspection candidates, not proven physical causes."
261,secom_1518,2008-10-15 02:40:00,0.0960992467301576,0,0,feature_059;feature_247;feature_519;feature_065;feature_475,global_model_importance,random_forest_depth_none_leaf_8,"Anonymous variables are inspection candidates, not proven physical causes."
262,secom_1275,2008-10-03 19:23:00,0.09578354042785357,0,0,feature_059;feature_247;feature_519;feature_065;feature_475,global_model_importance,random_forest_depth_none_leaf_8,"Anonymous variables are inspection candidates, not proven physical causes."
263,secom_1342,2008-10-06 03:50:00,0.09577048410555161,0,1,feature_059;feature_247;feature_519;feature_065;feature_475,global_model_importance,random_forest_depth_none_leaf_8,"Anonymous variables are inspection candidates, not proven physical causes."
264,secom_1381,2008-10-06 22:37:00,0.09572108774938617,0,0,feature_059;feature_247;feature_519;feature_065;feature_475,global_model_importance,random_forest_depth_none_leaf_8,"Anonymous variables are inspection candidates, not proven physical causes."
265,secom_1418,2008-10-08 09:01:00,0.09511357076322247,0,0,feature_059;feature_247;feature_519;feature_065;feature_475,global_model_importance,random_forest_depth_none_leaf_8,"Anonymous variables are inspection candidates, not proven physical causes."
266,secom_1287,2008-10-04 02:36:00,0.09481010439354738,0,0,feature_059;feature_247;feature_519;feature_065;feature_475,global_model_importance,random_forest_depth_none_leaf_8,"Anonymous variables are inspection candidates, not proven physical causes."
267,secom_1534,2008-10-15 15:11:00,0.09472859835765424,0,0,feature_059;feature_247;feature_519;feature_065;feature_475,global_model_importance,random_forest_depth_none_leaf_8,"Anonymous variables are inspection candidates, not proven physical causes."
268,secom_1371,2008-10-06 17:26:00,0.09461555813053626,0,0,feature_059;feature_247;feature_519;feature_065;feature_475,global_model_importance,random_forest_depth_none_leaf_8,"Anonymous variables are inspection candidates, not proven physical causes."
269,secom_1338,2008-10-06 01:30:00,0.09439948147186221,0,0,feature_059;feature_247;feature_519;feature_065;feature_475,global_model_importance,random_forest_depth_none_leaf_8,"Anonymous variables are inspection candidates, not proven physical causes."
270,secom_1249,2008-10-02 17:00:00,0.0943246086069148,0,0,feature_059;feature_247;feature_519;feature_065;feature_475,global_model_importance,random_forest_depth_none_leaf_8,"Anonymous variables are inspection candidates, not proven physical causes."
271,secom_1290,2008-10-04 04:45:00,0.09426279577496609,0,0,feature_059;feature_247;feature_519;feature_065;feature_475,global_model_importance,random_forest_depth_none_leaf_8,"Anonymous variables are inspection candidates, not proven physical causes."
272,secom_1179,2008-09-29 14:08:00,0.09416338127896899,0,0,feature_059;feature_247;feature_519;feature_065;feature_475,global_model_importance,random_forest_depth_none_leaf_8,"Anonymous variables are inspection candidates, not proven physical causes."
273,secom_1529,2008-10-15 10:00:00,0.09382949188451134,0,0,feature_059;feature_247;feature_519;feature_065;feature_475,global_model_importance,random_forest_depth_none_leaf_8,"Anonymous variables are inspection candidates, not proven physical causes."
274,secom_1237,2008-10-02 08:57:00,0.09381564978829111,0,0,feature_059;feature_247;feature_519;feature_065;feature_475,global_model_importance,random_forest_depth_none_leaf_8,"Anonymous variables are inspection candidates, not proven physical causes."
275,secom_1204,2008-09-30 21:39:00,0.09357255241429306,0,0,feature_059;feature_247;feature_519;feature_065;feature_475,global_model_importance,random_forest_depth_none_leaf_8,"Anonymous variables are inspection candidates, not proven physical causes."
276,secom_1502,2008-10-14 14:15:00,0.0934278105335456,0,0,feature_059;feature_247;feature_519;feature_065;feature_475,global_model_importance,random_forest_depth_none_leaf_8,"Anonymous variables are inspection candidates, not proven physical causes."
277,secom_1546,2008-10-16 02:16:00,0.093221807801427,0,0,feature_059;feature_247;feature_519;feature_065;feature_475,global_model_importance,random_forest_depth_none_leaf_8,"Anonymous variables are inspection candidates, not proven physical causes."
278,secom_1262,2008-10-03 02:41:00,0.09316485916051882,0,0,feature_059;feature_247;feature_519;feature_065;feature_475,global_model_importance,random_forest_depth_none_leaf_8,"Anonymous variables are inspection candidates, not proven physical causes."
279,secom_1402,2008-10-07 14:35:00,0.09316179425969401,0,0,feature_059;feature_247;feature_519;feature_065;feature_475,global_model_importance,random_forest_depth_none_leaf_8,"Anonymous variables are inspection candidates, not proven physical causes."
280,secom_1222,2008-10-01 21:50:00,0.09314279276558149,0,0,feature_059;feature_247;feature_519;feature_065;feature_475,global_model_importance,random_forest_depth_none_leaf_8,"Anonymous variables are inspection candidates, not proven physical causes."
281,secom_1303,2008-10-05 00:33:00,0.09307614980260907,0,1,feature_059;feature_247;feature_519;feature_065;feature_475,global_model_importance,random_forest_depth_none_leaf_8,"Anonymous variables are inspection candidates, not proven physical causes."
282,secom_1366,2008-10-06 15:01:00,0.09257007523724245,0,0,feature_059;feature_247;feature_519;feature_065;feature_475,global_model_importance,random_forest_depth_none_leaf_8,"Anonymous variables are inspection candidates, not proven physical causes."
283,secom_1271,2008-10-03 11:40:00,0.09248618336936838,0,0,feature_059;feature_247;feature_519;feature_065;feature_475,global_model_importance,random_forest_depth_none_leaf_8,"Anonymous variables are inspection candidates, not proven physical causes."
284,secom_1178,2008-09-29 14:04:00,0.09225914485773369,0,0,feature_059;feature_247;feature_519;feature_065;feature_475,global_model_importance,random_forest_depth_none_leaf_8,"Anonymous variables are inspection candidates, not proven physical causes."
285,secom_1235,2008-10-02 08:24:00,0.09220417441159114,0,0,feature_059;feature_247;feature_519;feature_065;feature_475,global_model_importance,random_forest_depth_none_leaf_8,"Anonymous variables are inspection candidates, not proven physical causes."
286,secom_1251,2008-10-02 19:21:00,0.0918757320698431,0,0,feature_059;feature_247;feature_519;feature_065;feature_475,global_model_importance,random_forest_depth_none_leaf_8,"Anonymous variables are inspection candidates, not proven physical causes."
287,secom_1182,2008-09-29 16:27:00,0.09145054393998754,0,0,feature_059;feature_247;feature_519;feature_065;feature_475,global_model_importance,random_forest_depth_none_leaf_8,"Anonymous variables are inspection candidates, not proven physical causes."
288,secom_1198,2008-09-30 15:26:00,0.09134769957200464,0,0,feature_059;feature_247;feature_519;feature_065;feature_475,global_model_importance,random_forest_depth_none_leaf_8,"Anonymous variables are inspection candidates, not proven physical causes."
289,secom_1551,2008-10-16 04:02:00,0.09128508817269544,0,0,feature_059;feature_247;feature_519;feature_065;feature_475,global_model_importance,random_forest_depth_none_leaf_8,"Anonymous variables are inspection candidates, not proven physical causes."
290,secom_1279,2008-10-03 20:46:00,0.09113368394304183,0,0,feature_059;feature_247;feature_519;feature_065;feature_475,global_model_importance,random_forest_depth_none_leaf_8,"Anonymous variables are inspection candidates, not proven physical causes."
291,secom_1463,2008-10-11 16:25:00,0.0910860065046839,0,0,feature_059;feature_247;feature_519;feature_065;feature_475,global_model_importance,random_forest_depth_none_leaf_8,"Anonymous variables are inspection candidates, not proven physical causes."
292,secom_1537,2008-10-15 18:16:00,0.0899704868887299,0,0,feature_059;feature_247;feature_519;feature_065;feature_475,global_model_importance,random_forest_depth_none_leaf_8,"Anonymous variables are inspection candidates, not proven physical causes."
293,secom_1325,2008-10-05 15:35:00,0.0894660117517508,0,1,feature_059;feature_247;feature_519;feature_065;feature_475,global_model_importance,random_forest_depth_none_leaf_8,"Anonymous variables are inspection candidates, not proven physical causes."
294,secom_1286,2008-10-04 01:49:00,0.08941722352109661,0,0,feature_059;feature_247;feature_519;feature_065;feature_475,global_model_importance,random_forest_depth_none_leaf_8,"Anonymous variables are inspection candidates, not proven physical causes."
295,secom_1505,2008-10-14 19:15:00,0.0893378379355435,0,0,feature_059;feature_247;feature_519;feature_065;feature_475,global_model_importance,random_forest_depth_none_leaf_8,"Anonymous variables are inspection candidates, not proven physical causes."
296,secom_1215,2008-10-01 09:15:00,0.08901203955433062,0,0,feature_059;feature_247;feature_519;feature_065;feature_475,global_model_importance,random_forest_depth_none_leaf_8,"Anonymous variables are inspection candidates, not proven physical causes."
297,secom_1301,2008-10-04 22:06:00,0.08843108088876897,0,0,feature_059;feature_247;feature_519;feature_065;feature_475,global_model_importance,random_forest_depth_none_leaf_8,"Anonymous variables are inspection candidates, not proven physical causes."
298,secom_1563,2008-10-16 20:49:00,0.08839156477649486,0,0,feature_059;feature_247;feature_519;feature_065;feature_475,global_model_importance,random_forest_depth_none_leaf_8,"Anonymous variables are inspection candidates, not proven physical causes."
299,secom_1232,2008-10-02 06:49:00,0.08808817204381097,0,0,feature_059;feature_247;feature_519;feature_065;feature_475,global_model_importance,random_forest_depth_none_leaf_8,"Anonymous variables are inspection candidates, not proven physical causes."
300,secom_1420,2008-10-08 10:37:00,0.08792757116691371,0,0,feature_059;feature_247;feature_519;feature_065;feature_475,global_model_importance,random_forest_depth_none_leaf_8,"Anonymous variables are inspection candidates, not proven physical causes."
301,secom_1521,2008-10-15 04:08:00,0.08681043766189374,0,0,feature_059;feature_247;feature_519;feature_065;feature_475,global_model_importance,random_forest_depth_none_leaf_8,"Anonymous variables are inspection candidates, not proven physical causes."
302,secom_1216,2008-10-01 09:16:00,0.08679657181618584,0,0,feature_059;feature_247;feature_519;feature_065;feature_475,global_model_importance,random_forest_depth_none_leaf_8,"Anonymous variables are inspection candidates, not proven physical causes."
303,secom_1419,2008-10-08 09:06:00,0.08669951733241955,0,0,feature_059;feature_247;feature_519;feature_065;feature_475,global_model_importance,random_forest_depth_none_leaf_8,"Anonymous variables are inspection candidates, not proven physical causes."
304,secom_1318,2008-10-05 11:05:00,0.086335009927789,0,0,feature_059;feature_247;feature_519;feature_065;feature_475,global_model_importance,random_forest_depth_none_leaf_8,"Anonymous variables are inspection candidates, not proven physical causes."
305,secom_1517,2008-10-15 02:40:00,0.08589193811041042,0,0,feature_059;feature_247;feature_519;feature_065;feature_475,global_model_importance,random_forest_depth_none_leaf_8,"Anonymous variables are inspection candidates, not proven physical causes."
306,secom_1186,2008-09-29 22:13:00,0.08581686441745985,0,0,feature_059;feature_247;feature_519;feature_065;feature_475,global_model_importance,random_forest_depth_none_leaf_8,"Anonymous variables are inspection candidates, not proven physical causes."
307,secom_1313,2008-10-05 08:40:00,0.08571885433503869,0,0,feature_059;feature_247;feature_519;feature_065;feature_475,global_model_importance,random_forest_depth_none_leaf_8,"Anonymous variables are inspection candidates, not proven physical causes."
308,secom_1362,2008-10-06 13:08:00,0.08505266670815033,0,0,feature_059;feature_247;feature_519;feature_065;feature_475,global_model_importance,random_forest_depth_none_leaf_8,"Anonymous variables are inspection candidates, not proven physical causes."
309,secom_1272,2008-10-03 12:31:00,0.08475749502258377,0,0,feature_059;feature_247;feature_519;feature_065;feature_475,global_model_importance,random_forest_depth_none_leaf_8,"Anonymous variables are inspection candidates, not proven physical causes."
310,secom_1441,2008-10-09 14:15:00,0.08474087360448906,0,0,feature_059;feature_247;feature_519;feature_065;feature_475,global_model_importance,random_forest_depth_none_leaf_8,"Anonymous variables are inspection candidates, not proven physical causes."
311,secom_1408,2008-10-07 20:19:00,0.08427566106058841,0,0,feature_059;feature_247;feature_519;feature_065;feature_475,global_model_importance,random_forest_depth_none_leaf_8,"Anonymous variables are inspection candidates, not proven physical causes."
312,secom_1471,2008-10-12 08:19:00,0.08403327175471624,0,0,feature_059;feature_247;feature_519;feature_065;feature_475,global_model_importance,random_forest_depth_none_leaf_8,"Anonymous variables are inspection candidates, not proven physical causes."
313,secom_1566,2008-10-17 06:07:00,0.08379943452016665,0,0,feature_059;feature_247;feature_519;feature_065;feature_475,global_model_importance,random_forest_depth_none_leaf_8,"Anonymous variables are inspection candidates, not proven physical causes."
314,secom_1212,2008-10-01 07:19:00,0.08343493739709189,0,0,feature_059;feature_247;feature_519;feature_065;feature_475,global_model_importance,random_forest_depth_none_leaf_8,"Anonymous variables are inspection candidates, not proven physical causes."
315,secom_1197,2008-09-30 15:16:00,0.08318533354660931,0,0,feature_059;feature_247;feature_519;feature_065;feature_475,global_model_importance,random_forest_depth_none_leaf_8,"Anonymous variables are inspection candidates, not proven physical causes."
316,secom_1224,2008-10-01 23:34:00,0.08295818538466813,0,0,feature_059;feature_247;feature_519;feature_065;feature_475,global_model_importance,random_forest_depth_none_leaf_8,"Anonymous variables are inspection candidates, not proven physical causes."
317,secom_1345,2008-10-06 05:21:00,0.08273221697453839,0,0,feature_059;feature_247;feature_519;feature_065;feature_475,global_model_importance,random_forest_depth_none_leaf_8,"Anonymous variables are inspection candidates, not proven physical causes."
318,secom_1355,2008-10-06 08:57:00,0.08248813938366041,0,0,feature_059;feature_247;feature_519;feature_065;feature_475,global_model_importance,random_forest_depth_none_leaf_8,"Anonymous variables are inspection candidates, not proven physical causes."
319,secom_1305,2008-10-05 01:35:00,0.0821223006886079,0,0,feature_059;feature_247;feature_519;feature_065;feature_475,global_model_importance,random_forest_depth_none_leaf_8,"Anonymous variables are inspection candidates, not proven physical causes."
320,secom_1349,2008-10-06 06:49:00,0.08199344558140928,0,0,feature_059;feature_247;feature_519;feature_065;feature_475,global_model_importance,random_forest_depth_none_leaf_8,"Anonymous variables are inspection candidates, not proven physical causes."
321,secom_1423,2008-10-08 13:38:00,0.08198602313924958,0,0,feature_059;feature_247;feature_519;feature_065;feature_475,global_model_importance,random_forest_depth_none_leaf_8,"Anonymous variables are inspection candidates, not proven physical causes."
322,secom_1306,2008-10-05 04:01:00,0.08181096542641014,0,0,feature_059;feature_247;feature_519;feature_065;feature_475,global_model_importance,random_forest_depth_none_leaf_8,"Anonymous variables are inspection candidates, not proven physical causes."
323,secom_1214,2008-10-01 08:15:00,0.08175951042659431,0,0,feature_059;feature_247;feature_519;feature_065;feature_475,global_model_importance,random_forest_depth_none_leaf_8,"Anonymous variables are inspection candidates, not proven physical causes."
324,secom_1188,2008-09-30 01:36:00,0.08170237616180913,0,0,feature_059;feature_247;feature_519;feature_065;feature_475,global_model_importance,random_forest_depth_none_leaf_8,"Anonymous variables are inspection candidates, not proven physical causes."
325,secom_1536,2008-10-15 17:19:00,0.08141130260602791,0,0,feature_059;feature_247;feature_519;feature_065;feature_475,global_model_importance,random_forest_depth_none_leaf_8,"Anonymous variables are inspection candidates, not proven physical causes."
326,secom_1468,2008-10-12 02:59:00,0.0813960432710026,0,0,feature_059;feature_247;feature_519;feature_065;feature_475,global_model_importance,random_forest_depth_none_leaf_8,"Anonymous variables are inspection candidates, not proven physical causes."
327,secom_1300,2008-10-04 20:39:00,0.08121684805467534,0,0,feature_059;feature_247;feature_519;feature_065;feature_475,global_model_importance,random_forest_depth_none_leaf_8,"Anonymous variables are inspection candidates, not proven physical causes."
328,secom_1504,2008-10-14 17:36:00,0.08094826419967448,0,0,feature_059;feature_247;feature_519;feature_065;feature_475,global_model_importance,random_forest_depth_none_leaf_8,"Anonymous variables are inspection candidates, not proven physical causes."
329,secom_1329,2008-10-05 18:46:00,0.08088761195130315,0,1,feature_059;feature_247;feature_519;feature_065;feature_475,global_model_importance,random_forest_depth_none_leaf_8,"Anonymous variables are inspection candidates, not proven physical causes."
330,secom_1538,2008-10-15 19:15:00,0.08023042592496503,0,0,feature_059;feature_247;feature_519;feature_065;feature_475,global_model_importance,random_forest_depth_none_leaf_8,"Anonymous variables are inspection candidates, not proven physical causes."
331,secom_1477,2008-10-13 14:06:00,0.08014333387105384,0,0,feature_059;feature_247;feature_519;feature_065;feature_475,global_model_importance,random_forest_depth_none_leaf_8,"Anonymous variables are inspection candidates, not proven physical causes."
332,secom_1483,2008-10-13 16:13:00,0.07995305970997614,0,0,feature_059;feature_247;feature_519;feature_065;feature_475,global_model_importance,random_forest_depth_none_leaf_8,"Anonymous variables are inspection candidates, not proven physical causes."
333,secom_1367,2008-10-06 15:52:00,0.07980215998299618,0,0,feature_059;feature_247;feature_519;feature_065;feature_475,global_model_importance,random_forest_depth_none_leaf_8,"Anonymous variables are inspection candidates, not proven physical causes."
334,secom_1185,2008-09-29 21:48:00,0.07959095627452364,0,1,feature_059;feature_247;feature_519;feature_065;feature_475,global_model_importance,random_forest_depth_none_leaf_8,"Anonymous variables are inspection candidates, not proven physical causes."
335,secom_1282,2008-10-03 22:08:00,0.07952788395762132,0,0,feature_059;feature_247;feature_519;feature_065;feature_475,global_model_importance,random_forest_depth_none_leaf_8,"Anonymous variables are inspection candidates, not proven physical causes."
336,secom_1332,2008-10-05 20:12:00,0.07869178578309215,0,0,feature_059;feature_247;feature_519;feature_065;feature_475,global_model_importance,random_forest_depth_none_leaf_8,"Anonymous variables are inspection candidates, not proven physical causes."
337,secom_1545,2008-10-16 02:16:00,0.07796335514491885,0,0,feature_059;feature_247;feature_519;feature_065;feature_475,global_model_importance,random_forest_depth_none_leaf_8,"Anonymous variables are inspection candidates, not proven physical causes."
338,secom_1448,2008-10-10 12:30:00,0.07771499396946407,0,0,feature_059;feature_247;feature_519;feature_065;feature_475,global_model_importance,random_forest_depth_none_leaf_8,"Anonymous variables are inspection candidates, not proven physical causes."
339,secom_1358,2008-10-06 10:07:00,0.07677692376710168,0,0,feature_059;feature_247;feature_519;feature_065;feature_475,global_model_importance,random_forest_depth_none_leaf_8,"Anonymous variables are inspection candidates, not proven physical causes."
340,secom_1442,2008-10-09 15:04:00,0.0762901958553354,0,0,feature_059;feature_247;feature_519;feature_065;feature_475,global_model_importance,random_forest_depth_none_leaf_8,"Anonymous variables are inspection candidates, not proven physical causes."
341,secom_1351,2008-10-06 07:17:00,0.07581994254701296,0,0,feature_059;feature_247;feature_519;feature_065;feature_475,global_model_importance,random_forest_depth_none_leaf_8,"Anonymous variables are inspection candidates, not proven physical causes."
342,secom_1388,2008-10-07 08:25:00,0.07581819801055127,0,0,feature_059;feature_247;feature_519;feature_065;feature_475,global_model_importance,random_forest_depth_none_leaf_8,"Anonymous variables are inspection candidates, not proven physical causes."
343,secom_1320,2008-10-05 12:03:00,0.07556333845179582,0,0,feature_059;feature_247;feature_519;feature_065;feature_475,global_model_importance,random_forest_depth_none_leaf_8,"Anonymous variables are inspection candidates, not proven physical causes."
344,secom_1428,2008-10-08 17:31:00,0.07524318003021992,0,0,feature_059;feature_247;feature_519;feature_065;feature_475,global_model_importance,random_forest_depth_none_leaf_8,"Anonymous variables are inspection candidates, not proven physical causes."
345,secom_1414,2008-10-08 06:25:00,0.07518954105891641,0,0,feature_059;feature_247;feature_519;feature_065;feature_475,global_model_importance,random_forest_depth_none_leaf_8,"Anonymous variables are inspection candidates, not proven physical causes."
346,secom_1193,2008-09-30 12:31:00,0.07445434158081457,0,0,feature_059;feature_247;feature_519;feature_065;feature_475,global_model_importance,random_forest_depth_none_leaf_8,"Anonymous variables are inspection candidates, not proven physical causes."
347,secom_1555,2008-10-16 04:50:00,0.07437407998444279,0,0,feature_059;feature_247;feature_519;feature_065;feature_475,global_model_importance,random_forest_depth_none_leaf_8,"Anonymous variables are inspection candidates, not proven physical causes."
348,secom_1447,2008-10-10 10:53:00,0.07435726271576538,0,0,feature_059;feature_247;feature_519;feature_065;feature_475,global_model_importance,random_forest_depth_none_leaf_8,"Anonymous variables are inspection candidates, not proven physical causes."
349,secom_1322,2008-10-05 13:49:00,0.07390594558498288,0,0,feature_059;feature_247;feature_519;feature_065;feature_475,global_model_importance,random_forest_depth_none_leaf_8,"Anonymous variables are inspection candidates, not proven physical causes."
350,secom_1451,2008-10-10 20:02:00,0.07373822767073275,0,0,feature_059;feature_247;feature_519;feature_065;feature_475,global_model_importance,random_forest_depth_none_leaf_8,"Anonymous variables are inspection candidates, not proven physical causes."
351,secom_1478,2008-10-13 14:29:00,0.0736986991986282,0,0,feature_059;feature_247;feature_519;feature_065;feature_475,global_model_importance,random_forest_depth_none_leaf_8,"Anonymous variables are inspection candidates, not proven physical causes."
352,secom_1415,2008-10-08 07:10:00,0.07354049126456452,0,0,feature_059;feature_247;feature_519;feature_065;feature_475,global_model_importance,random_forest_depth_none_leaf_8,"Anonymous variables are inspection candidates, not proven physical causes."
353,secom_1433,2008-10-08 21:45:00,0.07319021391232719,0,0,feature_059;feature_247;feature_519;feature_065;feature_475,global_model_importance,random_forest_depth_none_leaf_8,"Anonymous variables are inspection candidates, not proven physical causes."
354,secom_1549,2008-10-16 02:55:00,0.07268087863618203,0,0,feature_059;feature_247;feature_519;feature_065;feature_475,global_model_importance,random_forest_depth_none_leaf_8,"Anonymous variables are inspection candidates, not proven physical causes."
355,secom_1413,2008-10-08 05:38:00,0.07252496617827972,0,0,feature_059;feature_247;feature_519;feature_065;feature_475,global_model_importance,random_forest_depth_none_leaf_8,"Anonymous variables are inspection candidates, not proven physical causes."
356,secom_1189,2008-09-30 02:44:00,0.07239827137234595,0,1,feature_059;feature_247;feature_519;feature_065;feature_475,global_model_importance,random_forest_depth_none_leaf_8,"Anonymous variables are inspection candidates, not proven physical causes."
357,secom_1380,2008-10-06 21:48:00,0.07224429617709346,0,0,feature_059;feature_247;feature_519;feature_065;feature_475,global_model_importance,random_forest_depth_none_leaf_8,"Anonymous variables are inspection candidates, not proven physical causes."
358,secom_1480,2008-10-13 14:55:00,0.07213195166027506,0,0,feature_059;feature_247;feature_519;feature_065;feature_475,global_model_importance,random_forest_depth_none_leaf_8,"Anonymous variables are inspection candidates, not proven physical causes."
359,secom_1486,2008-10-13 19:40:00,0.0719816632123207,0,0,feature_059;feature_247;feature_519;feature_065;feature_475,global_model_importance,random_forest_depth_none_leaf_8,"Anonymous variables are inspection candidates, not proven physical causes."
360,secom_1501,2008-10-14 14:07:00,0.07147229568008635,0,0,feature_059;feature_247;feature_519;feature_065;feature_475,global_model_importance,random_forest_depth_none_leaf_8,"Anonymous variables are inspection candidates, not proven physical causes."
361,secom_1495,2008-10-14 00:35:00,0.0712436703167336,0,0,feature_059;feature_247;feature_519;feature_065;feature_475,global_model_importance,random_forest_depth_none_leaf_8,"Anonymous variables are inspection candidates, not proven physical causes."
362,secom_1335,2008-10-06 00:41:00,0.0706340310354408,0,0,feature_059;feature_247;feature_519;feature_065;feature_475,global_model_importance,random_forest_depth_none_leaf_8,"Anonymous variables are inspection candidates, not proven physical causes."
363,secom_1206,2008-09-30 23:34:00,0.07015781750174774,0,0,feature_059;feature_247;feature_519;feature_065;feature_475,global_model_importance,random_forest_depth_none_leaf_8,"Anonymous variables are inspection candidates, not proven physical causes."
364,secom_1439,2008-10-09 06:06:00,0.06977396455269323,0,0,feature_059;feature_247;feature_519;feature_065;feature_475,global_model_importance,random_forest_depth_none_leaf_8,"Anonymous variables are inspection candidates, not proven physical causes."
365,secom_1343,2008-10-06 03:57:00,0.06848167596239094,0,1,feature_059;feature_247;feature_519;feature_065;feature_475,global_model_importance,random_forest_depth_none_leaf_8,"Anonymous variables are inspection candidates, not proven physical causes."
366,secom_1383,2008-10-07 01:46:00,0.06558412488312777,0,0,feature_059;feature_247;feature_519;feature_065;feature_475,global_model_importance,random_forest_depth_none_leaf_8,"Anonymous variables are inspection candidates, not proven physical causes."
367,secom_1180,2008-09-29 15:09:00,0.06480774294194304,0,0,feature_059;feature_247;feature_519;feature_065;feature_475,global_model_importance,random_forest_depth_none_leaf_8,"Anonymous variables are inspection candidates, not proven physical causes."
368,secom_1541,2008-10-15 22:45:00,0.06449767355112515,0,0,feature_059;feature_247;feature_519;feature_065;feature_475,global_model_importance,random_forest_depth_none_leaf_8,"Anonymous variables are inspection candidates, not proven physical causes."
369,secom_1395,2008-10-07 10:51:00,0.06391408898917166,0,0,feature_059;feature_247;feature_519;feature_065;feature_475,global_model_importance,random_forest_depth_none_leaf_8,"Anonymous variables are inspection candidates, not proven physical causes."
370,secom_1432,2008-10-08 21:19:00,0.06386053076097958,0,0,feature_059;feature_247;feature_519;feature_065;feature_475,global_model_importance,random_forest_depth_none_leaf_8,"Anonymous variables are inspection candidates, not proven physical causes."
371,secom_1508,2008-10-14 20:48:00,0.0637436652005678,0,0,feature_059;feature_247;feature_519;feature_065;feature_475,global_model_importance,random_forest_depth_none_leaf_8,"Anonymous variables are inspection candidates, not proven physical causes."
372,secom_1200,2008-09-30 16:50:00,0.06347744690195493,0,0,feature_059;feature_247;feature_519;feature_065;feature_475,global_model_importance,random_forest_depth_none_leaf_8,"Anonymous variables are inspection candidates, not proven physical causes."
373,secom_1491,2008-10-13 21:47:00,0.06339281682860012,0,0,feature_059;feature_247;feature_519;feature_065;feature_475,global_model_importance,random_forest_depth_none_leaf_8,"Anonymous variables are inspection candidates, not proven physical causes."
374,secom_1211,2008-10-01 05:56:00,0.062344372444622986,0,1,feature_059;feature_247;feature_519;feature_065;feature_475,global_model_importance,random_forest_depth_none_leaf_8,"Anonymous variables are inspection candidates, not proven physical causes."
375,secom_1181,2008-09-29 15:16:00,0.062055887074934986,0,0,feature_059;feature_247;feature_519;feature_065;feature_475,global_model_importance,random_forest_depth_none_leaf_8,"Anonymous variables are inspection candidates, not proven physical causes."
376,secom_1370,2008-10-06 17:26:00,0.05995655669086235,0,0,feature_059;feature_247;feature_519;feature_065;feature_475,global_model_importance,random_forest_depth_none_leaf_8,"Anonymous variables are inspection candidates, not proven physical causes."
377,secom_1220,2008-10-01 19:57:00,0.059427439904000685,0,0,feature_059;feature_247;feature_519;feature_065;feature_475,global_model_importance,random_forest_depth_none_leaf_8,"Anonymous variables are inspection candidates, not proven physical causes."
378,secom_1394,2008-10-07 10:10:00,0.05910583897474766,0,0,feature_059;feature_247;feature_519;feature_065;feature_475,global_model_importance,random_forest_depth_none_leaf_8,"Anonymous variables are inspection candidates, not proven physical causes."
379,secom_1218,2008-10-01 15:16:00,0.057887235611384764,0,0,feature_059;feature_247;feature_519;feature_065;feature_475,global_model_importance,random_forest_depth_none_leaf_8,"Anonymous variables are inspection candidates, not proven physical causes."
380,secom_1531,2008-10-15 13:14:00,0.05788625139495014,0,0,feature_059;feature_247;feature_519;feature_065;feature_475,global_model_importance,random_forest_depth_none_leaf_8,"Anonymous variables are inspection candidates, not proven physical causes."
381,secom_1317,2008-10-05 10:43:00,0.0571824820777191,0,0,feature_059;feature_247;feature_519;feature_065;feature_475,global_model_importance,random_forest_depth_none_leaf_8,"Anonymous variables are inspection candidates, not proven physical causes."
382,secom_1288,2008-10-04 03:53:00,0.056786212884088146,0,0,feature_059;feature_247;feature_519;feature_065;feature_475,global_model_importance,random_forest_depth_none_leaf_8,"Anonymous variables are inspection candidates, not proven physical causes."
383,secom_1559,2008-10-16 05:44:00,0.0560911894936158,0,0,feature_059;feature_247;feature_519;feature_065;feature_475,global_model_importance,random_forest_depth_none_leaf_8,"Anonymous variables are inspection candidates, not proven physical causes."
384,secom_1411,2008-10-08 04:47:00,0.055338246427138756,0,0,feature_059;feature_247;feature_519;feature_065;feature_475,global_model_importance,random_forest_depth_none_leaf_8,"Anonymous variables are inspection candidates, not proven physical causes."
385,secom_1295,2008-10-04 18:25:00,0.054460466410510576,0,0,feature_059;feature_247;feature_519;feature_065;feature_475,global_model_importance,random_forest_depth_none_leaf_8,"Anonymous variables are inspection candidates, not proven physical causes."
386,secom_1393,2008-10-07 10:04:00,0.04958402418695119,0,0,feature_059;feature_247;feature_519;feature_065;feature_475,global_model_importance,random_forest_depth_none_leaf_8,"Anonymous variables are inspection candidates, not proven physical causes."
387,secom_1446,2008-10-10 10:46:00,0.04680289197412134,0,0,feature_059;feature_247;feature_519;feature_065;feature_475,global_model_importance,random_forest_depth_none_leaf_8,"Anonymous variables are inspection candidates, not proven physical causes."
388,secom_1438,2008-10-09 04:34:00,0.04646946584644875,0,1,feature_059;feature_247;feature_519;feature_065;feature_475,global_model_importance,random_forest_depth_none_leaf_8,"Anonymous variables are inspection candidates, not proven physical causes."
389,secom_1194,2008-09-30 13:29:00,0.045379760471267766,0,0,feature_059;feature_247;feature_519;feature_065;feature_475,global_model_importance,random_forest_depth_none_leaf_8,"Anonymous variables are inspection candidates, not proven physical causes."
390,secom_1213,2008-10-01 07:28:00,0.03588193328922061,0,0,feature_059;feature_247;feature_519;feature_065;feature_475,global_model_importance,random_forest_depth_none_leaf_8,"Anonymous variables are inspection candidates, not proven physical causes."
391,secom_1258,2008-10-02 23:32:00,0.034170484239658336,0,0,feature_059;feature_247;feature_519;feature_065;feature_475,global_model_importance,random_forest_depth_none_leaf_8,"Anonymous variables are inspection candidates, not proven physical causes."
392,secom_1392,2008-10-07 09:59:00,0.008105953224663358,0,0,feature_059;feature_247;feature_519;feature_065;feature_475,global_model_importance,random_forest_depth_none_leaf_8,"Anonymous variables are inspection candidates, not proven physical causes."
