sample_id,timestamp,label
secom_0000,2008-07-19 11:55:00,0
secom_0001,2008-07-19 12:32:00,0
secom_0002,2008-07-19 13:17:00,1
secom_0003,2008-07-19 14:43:00,0
secom_0004,2008-07-19 15:22:00,0
secom_0005,2008-07-19 17:53:00,0
secom_0006,2008-07-19 19:44:00,0
secom_0007,2008-07-19 19:45:00,0
secom_0008,2008-07-19 20:24:00,0
secom_0009,2008-07-19 21:35:00,0
secom_0010,2008-07-19 21:57:00,1
secom_0011,2008-07-19 22:52:00,1
secom_0012,2008-07-20 03:35:00,0
secom_0013,2008-07-21 08:21:00,0
secom_0014,2008-07-21 11:53:00,1
secom_0015,2008-07-22 00:03:00,0
secom_0016,2008-07-22 02:59:00,0
secom_0017,2008-07-22 08:41:00,0
secom_0018,2008-07-22 11:47:00,0
secom_0019,2008-07-22 14:00:00,0
secom_0020,2008-07-22 15:30:00,0
secom_0021,2008-07-23 05:15:00,0
secom_0022,2008-07-23 19:22:00,0
secom_0023,2008-07-25 15:23:00,1
secom_0024,2008-07-27 04:18:00,0
secom_0025,2008-07-27 09:37:00,0
secom_0026,2008-07-27 11:10:00,0
secom_0027,2008-07-27 15:46:00,0
secom_0028,2008-07-27 16:06:00,0
secom_0029,2008-07-27 16:49:00,0
secom_0030,2008-07-27 20:24:00,0
secom_0031,2008-07-27 22:28:00,0
secom_0032,2008-07-27 22:28:00,0
secom_0033,2008-07-27 23:14:00,0
secom_0034,2008-07-28 03:31:00,0
secom_0035,2008-07-28 03:48:00,0
secom_0036,2008-07-28 04:37:00,0
secom_0037,2008-07-28 05:36:00,0
secom_0038,2008-07-28 06:45:00,1
secom_0039,2008-07-28 08:36:00,0
secom_0040,2008-07-28 15:11:00,1
secom_0041,2008-07-28 23:57:00,0
secom_0042,2008-07-29 04:08:00,0
secom_0043,2008-07-29 05:16:00,0
secom_0044,2008-07-29 06:19:00,0
secom_0045,2008-07-29 08:23:00,1
secom_0046,2008-07-29 11:47:00,0
secom_0047,2008-07-29 15:41:00,0
secom_0048,2008-07-29 15:49:00,1
secom_0049,2008-07-29 17:05:00,1
secom_0050,2008-07-29 18:08:00,1
secom_0051,2008-07-29 21:07:00,0
secom_0052,2008-07-29 23:14:00,0
secom_0053,2008-07-29 23:19:00,0
secom_0054,2008-07-30 06:30:00,0
secom_0055,2008-07-30 07:08:00,0
secom_0056,2008-07-30 12:02:00,0
secom_0057,2008-07-30 12:29:00,1
secom_0058,2008-07-30 21:16:00,1
secom_0059,2008-07-31 13:57:00,0
secom_0060,2008-07-31 15:36:00,0
secom_0061,2008-07-31 17:07:00,0
secom_0062,2008-07-31 20:18:00,1
secom_0063,2008-08-01 02:02:00,0
secom_0064,2008-08-01 05:52:00,1
secom_0065,2008-08-01 10:20:00,0
secom_0066,2008-08-01 10:26:00,0
secom_0067,2008-08-01 11:28:00,0
secom_0068,2008-08-01 12:29:00,0
secom_0069,2008-08-01 14:07:00,0
secom_0070,2008-08-01 15:10:00,0
secom_0071,2008-08-02 03:39:00,0
secom_0072,2008-08-03 13:09:00,0
secom_0073,2008-08-03 14:06:00,0
secom_0074,2008-08-03 14:25:00,0
secom_0075,2008-08-03 15:03:00,0
secom_0076,2008-08-03 15:27:00,0
secom_0077,2008-08-03 16:00:00,0
secom_0078,2008-08-03 17:00:00,0
secom_0079,2008-08-03 17:58:00,0
secom_0080,2008-08-03 20:23:00,0
secom_0081,2008-08-03 22:52:00,0
secom_0082,2008-08-04 00:39:00,1
secom_0083,2008-08-04 03:45:00,0
secom_0084,2008-08-04 03:49:00,0
secom_0085,2008-08-04 13:19:00,0
secom_0086,2008-08-04 14:04:00,0
secom_0087,2008-08-04 14:31:00,0
secom_0088,2008-08-04 15:29:00,0
secom_0089,2008-08-04 16:15:00,0
secom_0090,2008-08-04 16:31:00,0
secom_0091,2008-08-04 17:11:00,0
secom_0092,2008-08-04 17:46:00,0
secom_0093,2008-08-04 18:24:00,0
secom_0094,2008-08-04 19:58:00,0
secom_0095,2008-08-04 20:32:00,0
secom_0096,2008-08-04 20:58:00,1
secom_0097,2008-08-04 21:43:00,0
secom_0098,2008-08-04 22:51:00,0
secom_0099,2008-08-04 23:33:00,0
secom_0100,2008-08-05 00:04:00,0
secom_0101,2008-08-05 01:12:00,0
secom_0102,2008-08-05 02:15:00,0
secom_0103,2008-08-05 02:36:00,0
secom_0104,2008-08-05 02:45:00,0
secom_0105,2008-08-05 03:17:00,0
secom_0106,2008-08-05 03:36:00,0
secom_0107,2008-08-05 03:54:00,0
secom_0108,2008-08-05 04:32:00,0
secom_0109,2008-08-05 04:35:00,0
secom_0110,2008-08-05 05:11:00,0
secom_0111,2008-08-05 06:10:00,0
secom_0112,2008-08-05 06:11:00,0
secom_0113,2008-08-05 06:21:00,0
secom_0114,2008-08-05 07:12:00,0
secom_0115,2008-08-05 07:12:00,1
secom_0116,2008-08-05 07:48:00,0
secom_0117,2008-08-05 08:50:00,0
secom_0118,2008-08-05 09:48:00,0
secom_0119,2008-08-05 14:17:00,0
secom_0120,2008-08-05 14:45:00,0
secom_0121,2008-08-05 15:45:00,0
secom_0122,2008-08-05 20:04:00,0
secom_0123,2008-08-05 21:07:00,0
secom_0124,2008-08-05 21:22:00,0
secom_0125,2008-08-05 23:02:00,0
secom_0126,2008-08-05 23:06:00,0
secom_0127,2008-08-05 23:38:00,0
secom_0128,2008-08-06 00:04:00,0
secom_0129,2008-08-06 02:20:00,0
secom_0130,2008-08-06 03:22:00,0
secom_0131,2008-08-06 05:40:00,1
secom_0132,2008-08-06 09:56:00,0
secom_0133,2008-08-06 09:57:00,0
secom_0134,2008-08-06 12:33:00,0
secom_0135,2008-08-06 13:35:00,0
secom_0136,2008-08-06 17:35:00,0
secom_0137,2008-08-06 18:00:00,0
secom_0138,2008-08-06 18:34:00,0
secom_0139,2008-08-06 19:13:00,0
secom_0140,2008-08-06 19:24:00,0
secom_0141,2008-08-06 20:00:00,0
secom_0142,2008-08-06 20:17:00,0
secom_0143,2008-08-06 21:15:00,0
secom_0144,2008-08-06 22:27:00,0
secom_0145,2008-08-06 23:40:00,0
secom_0146,2008-08-06 23:45:00,0
secom_0147,2008-08-07 00:51:00,0
secom_0148,2008-08-07 07:30:00,0
secom_0149,2008-08-07 08:21:00,0
secom_0150,2008-08-07 08:45:00,0
secom_0151,2008-08-07 08:55:00,0
secom_0152,2008-08-07 10:12:00,0
secom_0153,2008-08-07 11:10:00,0
secom_0154,2008-08-07 11:40:00,1
secom_0155,2008-08-08 04:55:00,0
secom_0156,2008-08-08 07:26:00,0
secom_0157,2008-08-08 08:44:00,1
secom_0158,2008-08-08 12:37:00,1
secom_0159,2008-08-08 20:21:00,0
secom_0160,2008-08-08 21:22:00,0
secom_0161,2008-08-08 21:53:00,0
secom_0162,2008-08-08 22:06:00,0
secom_0163,2008-08-08 22:25:00,0
secom_0164,2008-08-09 02:15:00,0
secom_0165,2008-08-09 02:37:00,0
secom_0166,2008-08-09 06:05:00,0
secom_0167,2008-08-09 09:16:00,1
secom_0168,2008-08-09 09:22:00,0
secom_0169,2008-08-09 11:42:00,1
secom_0170,2008-08-09 17:34:00,0
secom_0171,2008-08-09 19:03:00,0
secom_0172,2008-08-09 20:04:00,0
secom_0173,2008-08-09 21:07:00,0
secom_0174,2008-08-09 22:15:00,0
secom_0175,2008-08-09 22:37:00,0
secom_0176,2008-08-09 23:17:00,0
secom_0177,2008-08-09 23:34:00,0
secom_0178,2008-08-10 00:09:00,0
secom_0179,2008-08-10 00:46:00,0
secom_0180,2008-08-10 06:00:00,1
secom_0181,2008-08-10 06:41:00,0
secom_0182,2008-08-10 07:01:00,1
secom_0183,2008-08-10 11:16:00,0
secom_0184,2008-08-10 11:49:00,0
secom_0185,2008-08-10 12:22:00,0
secom_0186,2008-08-10 15:59:00,1
secom_0187,2008-08-10 19:07:00,0
secom_0188,2008-08-10 20:07:00,1
secom_0189,2008-08-10 22:26:00,1
secom_0190,2008-08-11 03:06:00,0
secom_0191,2008-08-11 04:09:00,0
secom_0192,2008-08-11 05:15:00,0
secom_0193,2008-08-11 11:35:00,0
secom_0194,2008-08-11 12:38:00,0
secom_0195,2008-08-12 04:23:00,0
secom_0196,2008-08-12 06:16:00,0
secom_0197,2008-08-12 10:54:00,0
secom_0198,2008-08-12 11:29:00,0
secom_0199,2008-08-12 12:04:00,0
secom_0200,2008-08-13 02:48:00,0
secom_0201,2008-08-15 03:26:00,0
secom_0202,2008-08-15 04:14:00,0
secom_0203,2008-08-15 05:13:00,0
secom_0204,2008-08-15 09:38:00,0
secom_0205,2008-08-15 10:14:00,0
secom_0206,2008-08-15 11:42:00,0
secom_0207,2008-08-15 18:19:00,0
secom_0208,2008-08-15 19:19:00,0
secom_0209,2008-08-15 20:00:00,0
secom_0210,2008-08-15 20:03:00,0
secom_0211,2008-08-15 23:31:00,0
secom_0212,2008-08-16 02:21:00,0
secom_0213,2008-08-16 05:47:00,0
secom_0214,2008-08-16 06:52:00,0
secom_0215,2008-08-16 07:33:00,0
secom_0216,2008-08-16 08:39:00,0
secom_0217,2008-08-16 08:41:00,0
secom_0218,2008-08-16 09:44:00,1
secom_0219,2008-08-16 13:51:00,0
secom_0220,2008-08-16 14:30:00,0
secom_0221,2008-08-16 15:16:00,0
secom_0222,2008-08-16 15:19:00,1
secom_0223,2008-08-16 23:48:00,0
secom_0224,2008-08-17 00:52:00,0
secom_0225,2008-08-17 01:53:00,0
secom_0226,2008-08-17 03:17:00,0
secom_0227,2008-08-17 03:18:00,0
secom_0228,2008-08-17 03:46:00,0
secom_0229,2008-08-17 04:19:00,0
secom_0230,2008-08-17 05:21:00,0
secom_0231,2008-08-17 12:16:00,1
secom_0232,2008-08-17 13:34:00,0
secom_0233,2008-08-17 14:21:00,0
secom_0234,2008-08-17 15:25:00,0
secom_0235,2008-08-17 21:26:00,1
secom_0236,2008-08-17 22:03:00,1
secom_0237,2008-08-17 22:21:00,0
secom_0238,2008-08-17 23:04:00,1
secom_0239,2008-08-17 23:20:00,0
secom_0240,2008-08-17 23:55:00,1
secom_0241,2008-08-18 00:02:00,1
secom_0242,2008-08-18 00:20:00,0
secom_0243,2008-08-18 01:23:00,1
secom_0244,2008-08-18 04:01:00,1
secom_0245,2008-08-18 04:12:00,0
secom_0246,2008-08-18 04:35:00,0
secom_0247,2008-08-18 05:03:00,0
secom_0248,2008-08-18 05:25:00,0
secom_0249,2008-08-18 06:07:00,0
secom_0250,2008-08-18 06:11:00,0
secom_0251,2008-08-18 06:26:00,0
secom_0252,2008-08-18 07:11:00,0
secom_0253,2008-08-18 07:23:00,0
secom_0254,2008-08-18 07:29:00,0
secom_0255,2008-08-18 08:18:00,0
secom_0256,2008-08-18 08:31:00,0
secom_0257,2008-08-18 10:13:00,0
secom_0258,2008-08-18 11:04:00,0
secom_0259,2008-08-18 12:00:00,0
secom_0260,2008-08-18 12:06:00,0
secom_0261,2008-08-18 12:22:00,0
secom_0262,2008-08-18 12:49:00,0
secom_0263,2008-08-18 13:07:00,0
secom_0264,2008-08-18 14:01:00,0
secom_0265,2008-08-18 14:04:00,0
secom_0266,2008-08-18 14:45:00,0
secom_0267,2008-08-18 15:00:00,0
secom_0268,2008-08-18 15:26:00,0
secom_0269,2008-08-18 15:30:00,0
secom_0270,2008-08-18 15:33:00,0
secom_0271,2008-08-18 15:41:00,0
secom_0272,2008-08-18 16:19:00,0
secom_0273,2008-08-18 17:13:00,1
secom_0274,2008-08-18 17:16:00,0
secom_0275,2008-08-18 17:37:00,0
secom_0276,2008-08-18 19:24:00,0
secom_0277,2008-08-18 19:54:00,1
secom_0278,2008-08-18 23:00:00,0
secom_0279,2008-08-18 23:03:00,0
secom_0280,2008-08-18 23:47:00,0
secom_0281,2008-08-19 01:10:00,0
secom_0282,2008-08-19 03:59:00,1
secom_0283,2008-08-19 04:58:00,0
secom_0284,2008-08-19 05:09:00,0
secom_0285,2008-08-19 05:11:00,0
secom_0286,2008-08-19 05:11:00,0
secom_0287,2008-08-19 05:40:00,0
secom_0288,2008-08-19 05:41:00,0
secom_0289,2008-08-19 05:53:00,0
secom_0290,2008-08-19 05:54:00,0
secom_0291,2008-08-19 05:56:00,1
secom_0292,2008-08-19 06:24:00,0
secom_0293,2008-08-19 07:43:00,0
secom_0294,2008-08-19 07:58:00,1
secom_0295,2008-08-19 08:01:00,0
secom_0296,2008-08-19 08:07:00,0
secom_0297,2008-08-19 08:33:00,0
secom_0298,2008-08-19 09:04:00,0
secom_0299,2008-08-19 09:05:00,0
secom_0300,2008-08-19 10:46:00,0
secom_0301,2008-08-19 11:11:00,0
secom_0302,2008-08-19 11:13:00,0
secom_0303,2008-08-19 11:13:00,0
secom_0304,2008-08-19 11:28:00,0
secom_0305,2008-08-19 11:44:00,0
secom_0306,2008-08-19 11:46:00,0
secom_0307,2008-08-19 11:57:00,0
secom_0308,2008-08-19 11:58:00,0
secom_0309,2008-08-19 12:30:00,0
secom_0310,2008-08-19 15:33:00,0
secom_0311,2008-08-19 18:12:00,0
secom_0312,2008-08-19 18:12:00,0
secom_0313,2008-08-19 18:30:00,0
secom_0314,2008-08-19 18:30:00,0
secom_0315,2008-08-19 19:38:00,0
secom_0316,2008-08-19 20:53:00,0
secom_0317,2008-08-20 00:05:00,0
secom_0318,2008-08-20 01:33:00,0
secom_0319,2008-08-20 01:42:00,0
secom_0320,2008-08-20 02:13:00,0
secom_0321,2008-08-20 02:27:00,1
secom_0322,2008-08-20 03:00:00,0
secom_0323,2008-08-20 03:12:00,1
secom_0324,2008-08-20 06:36:00,0
secom_0325,2008-08-20 07:12:00,0
secom_0326,2008-08-20 08:40:00,1
secom_0327,2008-08-20 09:17:00,1
secom_0328,2008-08-20 10:26:00,0
secom_0329,2008-08-20 16:08:00,0
secom_0330,2008-08-20 16:16:00,0
secom_0331,2008-08-20 17:09:00,0
secom_0332,2008-08-20 17:35:00,0
secom_0333,2008-08-20 17:36:00,0
secom_0334,2008-08-20 18:29:00,0
secom_0335,2008-08-20 18:35:00,0
secom_0336,2008-08-20 19:20:00,1
secom_0337,2008-08-20 20:19:00,0
secom_0338,2008-08-20 21:33:00,0
secom_0339,2008-08-20 21:41:00,0
secom_0340,2008-08-20 21:58:00,0
secom_0341,2008-08-20 22:13:00,0
secom_0342,2008-08-20 22:45:00,0
secom_0343,2008-08-20 23:18:00,0
secom_0344,2008-08-20 23:43:00,1
secom_0345,2008-08-21 02:11:00,0
secom_0346,2008-08-21 02:46:00,0
secom_0347,2008-08-21 04:22:00,0
secom_0348,2008-08-21 04:29:00,0
secom_0349,2008-08-21 05:06:00,0
secom_0350,2008-08-21 05:15:00,0
secom_0351,2008-08-21 06:10:00,1
secom_0352,2008-08-21 11:22:00,0
secom_0353,2008-08-21 12:00:00,0
secom_0354,2008-08-21 12:31:00,0
secom_0355,2008-08-21 12:33:00,0
secom_0356,2008-08-21 12:43:00,0
secom_0357,2008-08-21 12:52:00,0
secom_0358,2008-08-21 13:11:00,0
secom_0359,2008-08-21 13:19:00,0
secom_0360,2008-08-21 13:29:00,0
secom_0361,2008-08-21 13:45:00,0
secom_0362,2008-08-21 14:47:00,0
secom_0363,2008-08-21 15:05:00,0
secom_0364,2008-08-21 15:06:00,0
secom_0365,2008-08-21 15:32:00,0
secom_0366,2008-08-21 15:48:00,0
secom_0367,2008-08-21 15:50:00,0
secom_0368,2008-08-21 16:19:00,1
secom_0369,2008-08-21 16:36:00,0
secom_0370,2008-08-21 17:25:00,0
secom_0371,2008-08-21 17:44:00,0
secom_0372,2008-08-21 18:04:00,0
secom_0373,2008-08-21 18:05:00,1
secom_0374,2008-08-21 18:39:00,0
secom_0375,2008-08-21 18:53:00,0
secom_0376,2008-08-21 19:12:00,0
secom_0377,2008-08-21 19:12:00,0
secom_0378,2008-08-21 19:46:00,0
secom_0379,2008-08-21 20:19:00,0
secom_0380,2008-08-21 20:21:00,0
secom_0381,2008-08-21 20:37:00,0
secom_0382,2008-08-21 21:32:00,0
secom_0383,2008-08-21 22:25:00,0
secom_0384,2008-08-21 22:41:00,0
secom_0385,2008-08-21 23:08:00,0
secom_0386,2008-08-21 23:27:00,0
secom_0387,2008-08-21 23:53:00,0
secom_0388,2008-08-21 23:57:00,0
secom_0389,2008-08-22 00:43:00,0
secom_0390,2008-08-22 00:44:00,0
secom_0391,2008-08-22 00:47:00,0
secom_0392,2008-08-22 01:04:00,1
secom_0393,2008-08-22 01:26:00,0
secom_0394,2008-08-22 01:27:00,0
secom_0395,2008-08-22 01:54:00,0
secom_0396,2008-08-22 02:01:00,0
secom_0397,2008-08-22 02:25:00,0
secom_0398,2008-08-22 02:52:00,0
secom_0399,2008-08-22 03:18:00,0
secom_0400,2008-08-22 03:58:00,0
secom_0401,2008-08-22 04:40:00,0
secom_0402,2008-08-22 04:57:00,0
secom_0403,2008-08-22 05:21:00,0
secom_0404,2008-08-22 05:31:00,0
secom_0405,2008-08-22 05:32:00,0
secom_0406,2008-08-22 06:00:00,1
secom_0407,2008-08-22 07:04:00,0
secom_0408,2008-08-22 07:17:00,0
secom_0409,2008-08-22 07:27:00,0
secom_0410,2008-08-22 09:29:00,0
secom_0411,2008-08-22 09:29:00,0
secom_0412,2008-08-22 10:01:00,0
secom_0413,2008-08-22 10:18:00,0
secom_0414,2008-08-22 10:47:00,0
secom_0415,2008-08-22 11:32:00,0
secom_0416,2008-08-22 12:13:00,0
secom_0417,2008-08-22 12:37:00,0
secom_0418,2008-08-22 12:42:00,0
secom_0419,2008-08-22 13:22:00,0
secom_0420,2008-08-22 14:45:00,0
secom_0421,2008-08-22 15:25:00,0
secom_0422,2008-08-22 15:39:00,0
secom_0423,2008-08-22 15:54:00,0
secom_0424,2008-08-22 19:14:00,1
secom_0425,2008-08-22 23:46:00,0
secom_0426,2008-08-22 23:47:00,0
secom_0427,2008-08-22 23:49:00,0
secom_0428,2008-08-22 23:56:00,0
secom_0429,2008-08-23 02:04:00,0
secom_0430,2008-08-23 03:26:00,0
secom_0431,2008-08-23 04:50:00,0
secom_0432,2008-08-23 04:52:00,0
secom_0433,2008-08-23 05:57:00,0
secom_0434,2008-08-23 05:57:00,0
secom_0435,2008-08-23 05:58:00,0
secom_0436,2008-08-23 05:58:00,0
secom_0437,2008-08-23 09:24:00,0
secom_0438,2008-08-23 12:58:00,0
secom_0439,2008-08-23 13:02:00,0
secom_0440,2008-08-23 15:10:00,0
secom_0441,2008-08-23 15:29:00,1
secom_0442,2008-08-24 02:32:00,0
secom_0443,2008-08-24 04:00:00,0
secom_0444,2008-08-24 07:12:00,0
secom_0445,2008-08-24 07:14:00,0
secom_0446,2008-08-24 10:09:00,0
secom_0447,2008-08-24 10:14:00,0
secom_0448,2008-08-24 13:03:00,1
secom_0449,2008-08-25 09:29:00,0
secom_0450,2008-08-27 00:46:00,0
secom_0451,2008-08-27 11:38:00,0
secom_0452,2008-08-27 12:22:00,0
secom_0453,2008-08-27 13:35:00,0
secom_0454,2008-08-27 14:18:00,0
secom_0455,2008-08-27 17:14:00,0
secom_0456,2008-08-27 22:48:00,0
secom_0457,2008-08-27 22:58:00,0
secom_0458,2008-08-28 03:03:00,0
secom_0459,2008-08-28 03:04:00,0
secom_0460,2008-08-28 03:29:00,0
secom_0461,2008-08-28 03:38:00,0
secom_0462,2008-08-28 03:45:00,0
secom_0463,2008-08-28 04:10:00,0
secom_0464,2008-08-28 04:20:00,0
secom_0465,2008-08-28 04:54:00,0
secom_0466,2008-08-28 05:00:00,0
secom_0467,2008-08-28 06:15:00,0
secom_0468,2008-08-28 06:39:00,0
secom_0469,2008-08-28 06:56:00,0
secom_0470,2008-08-28 07:40:00,0
secom_0471,2008-08-28 07:51:00,0
secom_0472,2008-08-28 08:41:00,0
secom_0473,2008-08-28 09:46:00,0
secom_0474,2008-08-28 09:49:00,0
secom_0475,2008-08-28 10:15:00,0
secom_0476,2008-08-28 10:28:00,0
secom_0477,2008-08-28 10:32:00,0
secom_0478,2008-08-28 11:19:00,0
secom_0479,2008-08-28 12:44:00,0
secom_0480,2008-08-28 14:48:00,0
secom_0481,2008-08-28 15:19:00,0
secom_0482,2008-08-28 16:01:00,0
secom_0483,2008-08-28 16:43:00,0
secom_0484,2008-08-28 16:52:00,0
secom_0485,2008-08-28 17:21:00,0
secom_0486,2008-08-28 17:27:00,0
secom_0487,2008-08-28 17:32:00,0
secom_0488,2008-08-28 18:05:00,0
secom_0489,2008-08-28 18:10:00,0
secom_0490,2008-08-28 18:15:00,0
secom_0491,2008-08-28 18:25:00,0
secom_0492,2008-08-28 18:47:00,0
secom_0493,2008-08-28 18:57:00,0
secom_0494,2008-08-28 20:20:00,0
secom_0495,2008-08-28 20:39:00,1
secom_0496,2008-08-28 21:03:00,0
secom_0497,2008-08-28 21:52:00,0
secom_0498,2008-08-28 22:57:00,0
secom_0499,2008-08-28 23:40:00,0
secom_0500,2008-08-28 23:42:00,0
secom_0501,2008-08-29 00:49:00,0
secom_0502,2008-08-29 01:06:00,0
secom_0503,2008-08-29 02:38:00,0
secom_0504,2008-08-29 02:39:00,0
secom_0505,2008-08-29 03:27:00,0
secom_0506,2008-08-29 03:33:00,0
secom_0507,2008-08-29 03:46:00,0
secom_0508,2008-08-29 04:55:00,1
secom_0509,2008-08-29 04:56:00,0
secom_0510,2008-08-29 05:16:00,0
secom_0511,2008-08-29 05:54:00,0
secom_0512,2008-08-29 05:54:00,0
secom_0513,2008-08-29 05:57:00,0
secom_0514,2008-08-29 05:57:00,0
secom_0515,2008-08-29 06:35:00,0
secom_0516,2008-08-29 06:37:00,0
secom_0517,2008-08-29 06:40:00,0
secom_0518,2008-08-29 06:45:00,1
secom_0519,2008-08-29 06:54:00,0
secom_0520,2008-08-29 07:18:00,0
secom_0521,2008-08-29 07:22:00,0
secom_0522,2008-08-29 07:24:00,0
secom_0523,2008-08-29 07:33:00,0
secom_0524,2008-08-29 07:33:00,0
secom_0525,2008-08-29 08:10:00,0
secom_0526,2008-08-29 08:20:00,0
secom_0527,2008-08-29 08:41:00,0
secom_0528,2008-08-29 08:45:00,0
secom_0529,2008-08-29 12:21:00,0
secom_0530,2008-08-29 12:22:00,0
secom_0531,2008-08-29 12:37:00,0
secom_0532,2008-08-29 13:04:00,0
secom_0533,2008-08-29 13:14:00,0
secom_0534,2008-08-29 13:27:00,0
secom_0535,2008-08-29 13:49:00,0
secom_0536,2008-08-29 14:11:00,0
secom_0537,2008-08-29 14:18:00,0
secom_0538,2008-08-29 14:30:00,0
secom_0539,2008-08-29 15:01:00,0
secom_0540,2008-08-29 15:43:00,0
secom_0541,2008-08-29 16:26:00,0
secom_0542,2008-08-29 20:21:00,0
secom_0543,2008-08-29 20:49:00,0
secom_0544,2008-08-29 21:25:00,0
secom_0545,2008-08-29 21:46:00,0
secom_0546,2008-08-29 21:54:00,0
secom_0547,2008-08-29 22:11:00,0
secom_0548,2008-08-29 22:45:00,0
secom_0549,2008-08-29 22:49:00,0
secom_0550,2008-08-29 22:56:00,0
secom_0551,2008-08-30 00:01:00,0
secom_0552,2008-08-30 00:05:00,0
secom_0553,2008-08-30 00:57:00,0
secom_0554,2008-08-30 01:29:00,0
secom_0555,2008-08-30 02:08:00,0
secom_0556,2008-08-30 02:22:00,0
secom_0557,2008-08-30 02:32:00,0
secom_0558,2008-08-30 02:39:00,0
secom_0559,2008-08-30 02:50:00,0
secom_0560,2008-08-30 03:10:00,0
secom_0561,2008-08-30 04:20:00,0
secom_0562,2008-08-30 04:24:00,0
secom_0563,2008-08-30 04:55:00,0
secom_0564,2008-08-30 05:05:00,0
secom_0565,2008-08-30 05:05:00,0
secom_0566,2008-08-30 05:38:00,0
secom_0567,2008-08-30 05:51:00,0
secom_0568,2008-08-30 07:50:00,0
secom_0569,2008-08-30 07:54:00,0
secom_0570,2008-08-30 08:10:00,0
secom_0571,2008-08-30 08:29:00,0
secom_0572,2008-08-30 08:42:00,0
secom_0573,2008-08-30 08:53:00,0
secom_0574,2008-08-30 09:13:00,0
secom_0575,2008-08-30 09:37:00,0
secom_0576,2008-08-30 09:45:00,1
secom_0577,2008-08-30 10:15:00,0
secom_0578,2008-08-30 10:16:00,0
secom_0579,2008-08-30 11:12:00,0
secom_0580,2008-08-30 11:14:00,0
secom_0581,2008-08-30 11:18:00,0
secom_0582,2008-08-30 11:57:00,0
secom_0583,2008-08-30 14:10:00,1
secom_0584,2008-08-30 14:23:00,0
secom_0585,2008-08-30 14:37:00,0
secom_0586,2008-08-30 15:06:00,0
secom_0587,2008-08-30 15:16:00,0
secom_0588,2008-08-30 15:37:00,0
secom_0589,2008-08-30 15:50:00,0
secom_0590,2008-08-30 15:57:00,0
secom_0591,2008-08-30 16:24:00,0
secom_0592,2008-08-30 17:05:00,0
secom_0593,2008-08-30 17:49:00,0
secom_0594,2008-08-30 19:21:00,0
secom_0595,2008-08-30 19:27:00,0
secom_0596,2008-08-30 20:11:00,0
secom_0597,2008-08-30 20:53:00,0
secom_0598,2008-08-30 21:53:00,0
secom_0599,2008-08-30 23:51:00,0
secom_0600,2008-08-31 02:57:00,0
secom_0601,2008-08-31 04:46:00,1
secom_0602,2008-08-31 05:05:00,0
secom_0603,2008-08-31 09:11:00,0
secom_0604,2008-08-31 10:36:00,0
secom_0605,2008-08-31 10:59:00,1
secom_0606,2008-08-31 10:59:00,0
secom_0607,2008-08-31 11:03:00,0
secom_0608,2008-08-31 15:09:00,0
secom_0609,2008-08-31 15:13:00,0
secom_0610,2008-08-31 16:32:00,0
secom_0611,2008-08-31 20:24:00,0
secom_0612,2008-08-31 21:04:00,0
secom_0613,2008-08-31 21:46:00,0
secom_0614,2008-08-31 21:58:00,0
secom_0615,2008-08-31 22:32:00,0
secom_0616,2008-08-31 22:48:00,0
secom_0617,2008-08-31 22:57:00,0
secom_0618,2008-09-01 00:01:00,0
secom_0619,2008-09-01 00:39:00,0
secom_0620,2008-09-01 00:45:00,0
secom_0621,2008-09-01 00:53:00,0
secom_0622,2008-09-01 05:29:00,0
secom_0623,2008-09-01 05:32:00,0
secom_0624,2008-09-01 06:12:00,0
secom_0625,2008-09-01 06:21:00,0
secom_0626,2008-09-01 06:52:00,0
secom_0627,2008-09-01 08:18:00,0
secom_0628,2008-09-01 09:06:00,0
secom_0629,2008-09-01 09:19:00,0
secom_0630,2008-09-01 09:54:00,0
secom_0631,2008-09-01 10:57:00,0
secom_0632,2008-09-01 11:40:00,0
secom_0633,2008-09-01 16:20:00,0
secom_0634,2008-09-01 19:54:00,1
secom_0635,2008-09-01 20:51:00,0
secom_0636,2008-09-01 22:05:00,0
secom_0637,2008-09-01 23:05:00,0
secom_0638,2008-09-01 23:19:00,0
secom_0639,2008-09-01 23:24:00,0
secom_0640,2008-09-01 23:28:00,0
secom_0641,2008-09-01 23:39:00,0
secom_0642,2008-09-01 23:45:00,0
secom_0643,2008-09-01 23:59:00,0
secom_0644,2008-09-02 00:26:00,0
secom_0645,2008-09-02 00:31:00,0
secom_0646,2008-09-02 00:46:00,0
secom_0647,2008-09-02 01:09:00,0
secom_0648,2008-09-02 01:10:00,0
secom_0649,2008-09-02 01:10:00,0
secom_0650,2008-09-02 01:36:00,0
secom_0651,2008-09-02 01:50:00,0
secom_0652,2008-09-02 02:02:00,0
secom_0653,2008-09-02 02:11:00,0
secom_0654,2008-09-02 02:50:00,0
secom_0655,2008-09-02 02:52:00,0
secom_0656,2008-09-02 03:33:00,0
secom_0657,2008-09-02 03:35:00,0
secom_0658,2008-09-02 03:35:00,0
secom_0659,2008-09-02 04:19:00,0
secom_0660,2008-09-02 04:22:00,0
secom_0661,2008-09-02 05:46:00,0
secom_0662,2008-09-02 06:03:00,0
secom_0663,2008-09-02 06:19:00,0
secom_0664,2008-09-02 06:32:00,0
secom_0665,2008-09-02 06:48:00,0
secom_0666,2008-09-02 07:22:00,0
secom_0667,2008-09-02 07:32:00,0
secom_0668,2008-09-02 08:15:00,0
secom_0669,2008-09-02 08:54:00,0
secom_0670,2008-09-02 09:36:00,0
secom_0671,2008-09-02 09:37:00,0
secom_0672,2008-09-02 10:13:00,0
secom_0673,2008-09-02 10:21:00,0
secom_0674,2008-09-02 10:25:00,0
secom_0675,2008-09-02 10:33:00,0
secom_0676,2008-09-02 11:08:00,0
secom_0677,2008-09-02 11:22:00,0
secom_0678,2008-09-02 11:47:00,0
secom_0679,2008-09-02 11:49:00,0
secom_0680,2008-09-02 12:01:00,0
secom_0681,2008-09-02 12:17:00,0
secom_0682,2008-09-02 12:26:00,0
secom_0683,2008-09-02 12:30:00,0
secom_0684,2008-09-02 12:44:00,0
secom_0685,2008-09-02 13:05:00,0
secom_0686,2008-09-02 13:08:00,0
secom_0687,2008-09-02 13:27:00,0
secom_0688,2008-09-02 13:40:00,0
secom_0689,2008-09-02 14:09:00,0
secom_0690,2008-09-02 14:21:00,0
secom_0691,2008-09-02 14:34:00,0
secom_0692,2008-09-02 15:29:00,0
secom_0693,2008-09-02 16:10:00,0
secom_0694,2008-09-02 16:50:00,0
secom_0695,2008-09-02 16:54:00,0
secom_0696,2008-09-02 16:58:00,0
secom_0697,2008-09-02 17:10:00,0
secom_0698,2008-09-02 17:18:00,0
secom_0699,2008-09-02 18:38:00,0
secom_0700,2008-09-02 18:52:00,0
secom_0701,2008-09-02 19:18:00,0
secom_0702,2008-09-02 20:18:00,0
secom_0703,2008-09-02 20:52:00,0
secom_0704,2008-09-02 20:58:00,0
secom_0705,2008-09-02 20:59:00,0
secom_0706,2008-09-03 00:18:00,0
secom_0707,2008-09-03 00:45:00,0
secom_0708,2008-09-03 00:58:00,0
secom_0709,2008-09-03 01:15:00,1
secom_0710,2008-09-03 01:32:00,0
secom_0711,2008-09-03 04:18:00,0
secom_0712,2008-09-03 06:26:00,0
secom_0713,2008-09-03 09:38:00,0
secom_0714,2008-09-03 14:24:00,0
secom_0715,2008-09-03 14:29:00,0
secom_0716,2008-09-03 17:22:00,0
secom_0717,2008-09-03 18:16:00,0
secom_0718,2008-09-03 18:16:00,0
secom_0719,2008-09-03 20:00:00,0
secom_0720,2008-09-03 20:10:00,0
secom_0721,2008-09-04 08:01:00,0
secom_0722,2008-09-04 08:22:00,0
secom_0723,2008-09-04 08:33:00,0
secom_0724,2008-09-04 08:41:00,0
secom_0725,2008-09-04 08:53:00,0
secom_0726,2008-09-04 11:50:00,0
secom_0727,2008-09-04 14:09:00,0
secom_0728,2008-09-04 14:11:00,0
secom_0729,2008-09-04 14:48:00,0
secom_0730,2008-09-04 16:30:00,0
secom_0731,2008-09-04 16:41:00,0
secom_0732,2008-09-04 16:56:00,0
secom_0733,2008-09-04 17:30:00,0
secom_0734,2008-09-05 15:30:00,0
secom_0735,2008-09-05 21:48:00,0
secom_0736,2008-09-07 00:08:00,0
secom_0737,2008-09-07 00:12:00,0
secom_0738,2008-09-07 00:49:00,0
secom_0739,2008-09-07 10:52:00,0
secom_0740,2008-09-07 12:04:00,0
secom_0741,2008-09-07 12:20:00,0
secom_0742,2008-09-07 13:02:00,0
secom_0743,2008-09-07 18:02:00,0
secom_0744,2008-09-07 18:24:00,0
secom_0745,2008-09-07 18:49:00,0
secom_0746,2008-09-07 19:29:00,0
secom_0747,2008-09-07 19:31:00,0
secom_0748,2008-09-07 20:12:00,0
secom_0749,2008-09-07 20:50:00,0
secom_0750,2008-09-07 23:33:00,0
secom_0751,2008-09-08 00:32:00,0
secom_0752,2008-09-08 00:40:00,0
secom_0753,2008-09-08 01:24:00,0
secom_0754,2008-09-08 03:32:00,0
secom_0755,2008-09-08 03:48:00,0
secom_0756,2008-09-08 04:21:00,0
secom_0757,2008-09-08 06:37:00,0
secom_0758,2008-09-08 07:14:00,0
secom_0759,2008-09-08 07:41:00,0
secom_0760,2008-09-08 18:46:00,0
secom_0761,2008-09-08 19:14:00,0
secom_0762,2008-09-08 19:15:00,0
secom_0763,2008-09-08 19:25:00,0
secom_0764,2008-09-08 19:33:00,0
secom_0765,2008-09-08 20:00:00,0
secom_0766,2008-09-08 21:36:00,0
secom_0767,2008-09-08 21:53:00,0
secom_0768,2008-09-08 22:17:00,0
secom_0769,2008-09-09 00:25:00,0
secom_0770,2008-09-09 03:53:00,0
secom_0771,2008-09-09 08:44:00,0
secom_0772,2008-09-10 07:26:00,0
secom_0773,2008-09-10 09:21:00,0
secom_0774,2008-09-10 20:52:00,0
secom_0775,2008-09-10 20:53:00,0
secom_0776,2008-09-10 21:56:00,0
secom_0777,2008-09-10 23:30:00,0
secom_0778,2008-09-10 23:43:00,0
secom_0779,2008-09-11 00:17:00,0
secom_0780,2008-09-11 05:20:00,0
secom_0781,2008-09-11 06:04:00,0
secom_0782,2008-09-11 07:43:00,0
secom_0783,2008-09-11 08:06:00,0
secom_0784,2008-09-11 08:58:00,0
secom_0785,2008-09-11 09:24:00,0
secom_0786,2008-09-11 12:47:00,0
secom_0787,2008-09-11 13:36:00,0
secom_0788,2008-09-11 14:20:00,0
secom_0789,2008-09-11 14:24:00,0
secom_0790,2008-09-11 14:31:00,0
secom_0791,2008-09-11 15:05:00,0
secom_0792,2008-09-11 15:08:00,0
secom_0793,2008-09-11 16:28:00,0
secom_0794,2008-09-11 21:13:00,0
secom_0795,2008-09-11 22:07:00,1
secom_0796,2008-09-11 23:10:00,0
secom_0797,2008-09-11 23:48:00,1
secom_0798,2008-09-12 05:11:00,0
secom_0799,2008-09-12 05:55:00,0
secom_0800,2008-09-12 06:38:00,0
secom_0801,2008-09-12 06:41:00,0
secom_0802,2008-09-12 06:45:00,0
secom_0803,2008-09-12 07:21:00,0
secom_0804,2008-09-12 07:29:00,0
secom_0805,2008-09-12 07:38:00,0
secom_0806,2008-09-12 11:57:00,0
secom_0807,2008-09-12 13:08:00,0
secom_0808,2008-09-12 14:52:00,0
secom_0809,2008-09-12 15:40:00,0
secom_0810,2008-09-12 16:23:00,0
secom_0811,2008-09-12 18:01:00,0
secom_0812,2008-09-12 18:52:00,0
secom_0813,2008-09-12 19:36:00,0
secom_0814,2008-09-12 20:28:00,0
secom_0815,2008-09-12 21:12:00,0
secom_0816,2008-09-12 22:25:00,0
secom_0817,2008-09-12 22:45:00,0
secom_0818,2008-09-12 23:28:00,0
secom_0819,2008-09-12 23:40:00,0
secom_0820,2008-09-13 00:25:00,0
secom_0821,2008-09-13 02:57:00,0
secom_0822,2008-09-13 03:14:00,0
secom_0823,2008-09-13 09:19:00,0
secom_0824,2008-09-13 10:55:00,0
secom_0825,2008-09-13 11:42:00,0
secom_0826,2008-09-13 11:56:00,1
secom_0827,2008-09-13 12:48:00,0
secom_0828,2008-09-13 14:07:00,0
secom_0829,2008-09-13 16:04:00,0
secom_0830,2008-09-13 16:04:00,0
secom_0831,2008-09-13 20:06:00,1
secom_0832,2008-09-14 02:50:00,0
secom_0833,2008-09-14 02:59:00,0
secom_0834,2008-09-14 15:02:00,0
secom_0835,2008-09-14 15:46:00,0
secom_0836,2008-09-14 16:34:00,0
secom_0837,2008-09-14 17:40:00,0
secom_0838,2008-09-14 18:27:00,0
secom_0839,2008-09-14 18:27:00,0
secom_0840,2008-09-14 19:13:00,0
secom_0841,2008-09-14 20:00:00,0
secom_0842,2008-09-14 20:43:00,0
secom_0843,2008-09-14 20:45:00,0
secom_0844,2008-09-14 21:31:00,0
secom_0845,2008-09-14 23:00:00,0
secom_0846,2008-09-15 02:04:00,0
secom_0847,2008-09-15 10:03:00,0
secom_0848,2008-09-15 11:40:00,0
secom_0849,2008-09-15 12:27:00,0
secom_0850,2008-09-15 16:10:00,0
secom_0851,2008-09-15 16:59:00,0
secom_0852,2008-09-15 19:54:00,0
secom_0853,2008-09-15 21:56:00,0
secom_0854,2008-09-15 22:13:00,0
secom_0855,2008-09-15 22:45:00,0
secom_0856,2008-09-15 22:54:00,0
secom_0857,2008-09-15 23:37:00,0
secom_0858,2008-09-16 07:39:00,0
secom_0859,2008-09-16 07:48:00,0
secom_0860,2008-09-16 08:50:00,0
secom_0861,2008-09-16 08:52:00,0
secom_0862,2008-09-16 09:37:00,0
secom_0863,2008-09-16 17:07:00,0
secom_0864,2008-09-16 18:09:00,0
secom_0865,2008-09-16 18:23:00,0
secom_0866,2008-09-16 19:34:00,0
secom_0867,2008-09-16 19:45:00,0
secom_0868,2008-09-16 21:21:00,0
secom_0869,2008-09-16 22:45:00,0
secom_0870,2008-09-17 02:01:00,0
secom_0871,2008-09-17 04:23:00,1
secom_0872,2008-09-17 07:14:00,0
secom_0873,2008-09-17 07:28:00,0
secom_0874,2008-09-17 21:52:00,0
secom_0875,2008-09-18 00:57:00,0
secom_0876,2008-09-18 01:40:00,0
secom_0877,2008-09-18 01:43:00,0
secom_0878,2008-09-18 02:01:00,0
secom_0879,2008-09-18 03:58:00,0
secom_0880,2008-09-18 03:58:00,0
secom_0881,2008-09-18 05:44:00,0
secom_0882,2008-09-18 05:58:00,0
secom_0883,2008-09-18 08:04:00,0
secom_0884,2008-09-18 10:48:00,0
secom_0885,2008-09-18 13:48:00,0
secom_0886,2008-09-18 17:22:00,0
secom_0887,2008-09-18 18:12:00,0
secom_0888,2008-09-18 18:56:00,0
secom_0889,2008-09-18 21:12:00,0
secom_0890,2008-09-18 21:56:00,0
secom_0891,2008-09-18 23:00:00,0
secom_0892,2008-09-18 23:05:00,0
secom_0893,2008-09-18 23:44:00,0
secom_0894,2008-09-19 00:30:00,0
secom_0895,2008-09-19 01:57:00,0
secom_0896,2008-09-19 02:44:00,0
secom_0897,2008-09-19 04:42:00,0
secom_0898,2008-09-19 05:33:00,0
secom_0899,2008-09-19 05:57:00,0
secom_0900,2008-09-19 06:01:00,0
secom_0901,2008-09-19 06:44:00,0
secom_0902,2008-09-19 07:14:00,0
secom_0903,2008-09-19 07:18:00,0
secom_0904,2008-09-19 08:08:00,0
secom_0905,2008-09-19 08:52:00,0
secom_0906,2008-09-19 09:12:00,0
secom_0907,2008-09-19 09:47:00,0
secom_0908,2008-09-19 10:45:00,0
secom_0909,2008-09-19 11:13:00,0
secom_0910,2008-09-19 11:54:00,0
secom_0911,2008-09-19 13:59:00,0
secom_0912,2008-09-19 15:31:00,0
secom_0913,2008-09-19 16:40:00,0
secom_0914,2008-09-19 16:58:00,1
secom_0915,2008-09-19 17:47:00,0
secom_0916,2008-09-19 18:11:00,0
secom_0917,2008-09-19 18:33:00,0
secom_0918,2008-09-19 19:18:00,0
secom_0919,2008-09-19 19:29:00,0
secom_0920,2008-09-19 20:05:00,0
secom_0921,2008-09-19 20:07:00,0
secom_0922,2008-09-19 20:10:00,0
secom_0923,2008-09-19 20:17:00,0
secom_0924,2008-09-19 20:19:00,1
secom_0925,2008-09-19 21:08:00,0
secom_0926,2008-09-19 21:09:00,1
secom_0927,2008-09-19 21:13:00,0
secom_0928,2008-09-19 21:14:00,0
secom_0929,2008-09-19 21:59:00,1
secom_0930,2008-09-19 23:26:00,0
secom_0931,2008-09-19 23:33:00,0
secom_0932,2008-09-20 00:18:00,0
secom_0933,2008-09-20 00:33:00,0
secom_0934,2008-09-20 03:58:00,0
secom_0935,2008-09-20 04:13:00,0
secom_0936,2008-09-20 04:28:00,0
secom_0937,2008-09-20 05:22:00,0
secom_0938,2008-09-20 05:25:00,0
secom_0939,2008-09-20 05:34:00,0
secom_0940,2008-09-20 06:08:00,0
secom_0941,2008-09-20 07:21:00,0
secom_0942,2008-09-20 08:14:00,0
secom_0943,2008-09-20 10:51:00,0
secom_0944,2008-09-20 11:18:00,0
secom_0945,2008-09-20 12:20:00,0
secom_0946,2008-09-20 12:26:00,0
secom_0947,2008-09-20 12:27:00,0
secom_0948,2008-09-20 12:36:00,0
secom_0949,2008-09-20 12:57:00,0
secom_0950,2008-09-20 14:00:00,0
secom_0951,2008-09-20 14:06:00,0
secom_0952,2008-09-20 14:42:00,0
secom_0953,2008-09-20 14:50:00,0
secom_0954,2008-09-20 14:53:00,0
secom_0955,2008-09-20 15:02:00,0
secom_0956,2008-09-20 15:19:00,0
secom_0957,2008-09-20 15:37:00,0
secom_0958,2008-09-20 15:46:00,0
secom_0959,2008-09-20 16:43:00,0
secom_0960,2008-09-20 16:44:00,0
secom_0961,2008-09-20 17:26:00,0
secom_0962,2008-09-20 17:29:00,0
secom_0963,2008-09-20 18:03:00,0
secom_0964,2008-09-20 18:21:00,0
secom_0965,2008-09-20 18:56:00,0
secom_0966,2008-09-20 19:14:00,0
secom_0967,2008-09-20 19:21:00,0
secom_0968,2008-09-20 23:34:00,0
secom_0969,2008-09-21 00:48:00,0
secom_0970,2008-09-21 01:06:00,0
secom_0971,2008-09-21 02:07:00,0
secom_0972,2008-09-21 03:04:00,0
secom_0973,2008-09-21 03:47:00,0
secom_0974,2008-09-21 04:17:00,0
secom_0975,2008-09-21 04:49:00,0
secom_0976,2008-09-21 07:30:00,0
secom_0977,2008-09-21 07:55:00,0
secom_0978,2008-09-21 08:22:00,0
secom_0979,2008-09-21 08:49:00,0
secom_0980,2008-09-21 09:16:00,0
secom_0981,2008-09-21 09:31:00,0
secom_0982,2008-09-21 10:07:00,0
secom_0983,2008-09-21 10:49:00,0
secom_0984,2008-09-21 11:33:00,0
secom_0985,2008-09-21 12:04:00,0
secom_0986,2008-09-21 14:30:00,0
secom_0987,2008-09-21 14:31:00,0
secom_0988,2008-09-21 14:33:00,0
secom_0989,2008-09-21 15:15:00,0
secom_0990,2008-09-21 15:26:00,0
secom_0991,2008-09-21 15:34:00,0
secom_0992,2008-09-21 16:43:00,0
secom_0993,2008-09-21 17:26:00,0
secom_0994,2008-09-21 17:30:00,0
secom_0995,2008-09-21 18:12:00,0
secom_0996,2008-09-21 19:19:00,0
secom_0997,2008-09-21 20:35:00,0
secom_0998,2008-09-21 21:54:00,0
secom_0999,2008-09-21 22:02:00,0
secom_1000,2008-09-22 00:12:00,0
secom_1001,2008-09-22 00:28:00,0
secom_1002,2008-09-22 00:47:00,0
secom_1003,2008-09-22 01:43:00,0
secom_1004,2008-09-22 03:51:00,0
secom_1005,2008-09-22 06:05:00,0
secom_1006,2008-09-22 07:12:00,0
secom_1007,2008-09-22 10:43:00,0
secom_1008,2008-09-22 11:50:00,0
secom_1009,2008-09-22 12:11:00,0
secom_1010,2008-09-22 12:45:00,0
secom_1011,2008-09-22 13:03:00,0
secom_1012,2008-09-22 14:24:00,0
secom_1013,2008-09-22 14:27:00,0
secom_1014,2008-09-22 14:36:00,0
secom_1015,2008-09-22 16:25:00,0
secom_1016,2008-09-22 21:30:00,0
secom_1017,2008-09-22 21:31:00,0
secom_1018,2008-09-22 22:15:00,0
secom_1019,2008-09-22 22:17:00,0
secom_1020,2008-09-22 23:01:00,0
secom_1021,2008-09-22 23:10:00,0
secom_1022,2008-09-23 00:57:00,0
secom_1023,2008-09-23 06:44:00,0
secom_1024,2008-09-23 06:44:00,0
secom_1025,2008-09-23 06:52:00,0
secom_1026,2008-09-23 07:58:00,0
secom_1027,2008-09-23 08:11:00,0
secom_1028,2008-09-23 09:43:00,0
secom_1029,2008-09-23 11:14:00,1
secom_1030,2008-09-23 11:42:00,0
secom_1031,2008-09-23 11:43:00,0
secom_1032,2008-09-23 12:29:00,0
secom_1033,2008-09-23 12:31:00,0
secom_1034,2008-09-23 12:46:00,0
secom_1035,2008-09-23 13:37:00,0
secom_1036,2008-09-23 15:23:00,0
secom_1037,2008-09-23 15:33:00,0
secom_1038,2008-09-23 15:58:00,0
secom_1039,2008-09-23 18:10:00,0
secom_1040,2008-09-23 18:36:00,0
secom_1041,2008-09-23 18:56:00,0
secom_1042,2008-09-23 20:18:00,0
secom_1043,2008-09-23 20:59:00,0
secom_1044,2008-09-23 21:26:00,0
secom_1045,2008-09-23 22:25:00,0
secom_1046,2008-09-24 02:19:00,0
secom_1047,2008-09-24 02:44:00,0
secom_1048,2008-09-24 03:32:00,0
secom_1049,2008-09-24 03:40:00,0
secom_1050,2008-09-24 05:13:00,0
secom_1051,2008-09-24 05:22:00,0
secom_1052,2008-09-24 06:13:00,0
secom_1053,2008-09-24 06:14:00,0
secom_1054,2008-09-24 07:23:00,0
secom_1055,2008-09-24 10:10:00,0
secom_1056,2008-09-24 10:53:00,0
secom_1057,2008-09-24 10:59:00,0
secom_1058,2008-09-24 11:47:00,0
secom_1059,2008-09-24 12:04:00,0
secom_1060,2008-09-24 12:35:00,0
secom_1061,2008-09-24 13:01:00,0
secom_1062,2008-09-24 15:05:00,1
secom_1063,2008-09-24 15:39:00,0
secom_1064,2008-09-24 15:42:00,0
secom_1065,2008-09-24 15:43:00,0
secom_1066,2008-09-24 16:26:00,0
secom_1067,2008-09-24 17:54:00,0
secom_1068,2008-09-24 18:05:00,0
secom_1069,2008-09-25 01:05:00,0
secom_1070,2008-09-25 02:03:00,0
secom_1071,2008-09-25 06:21:00,0
secom_1072,2008-09-25 07:12:00,0
secom_1073,2008-09-25 07:58:00,0
secom_1074,2008-09-25 08:45:00,0
secom_1075,2008-09-25 09:31:00,0
secom_1076,2008-09-25 10:23:00,0
secom_1077,2008-09-25 11:08:00,0
secom_1078,2008-09-25 11:09:00,0
secom_1079,2008-09-25 11:55:00,0
secom_1080,2008-09-25 13:42:00,0
secom_1081,2008-09-25 14:08:00,0
secom_1082,2008-09-25 14:28:00,0
secom_1083,2008-09-25 15:12:00,0
secom_1084,2008-09-25 15:40:00,0
secom_1085,2008-09-25 15:55:00,0
secom_1086,2008-09-25 16:44:00,0
secom_1087,2008-09-25 17:28:00,0
secom_1088,2008-09-25 17:29:00,0
secom_1089,2008-09-25 19:49:00,0
secom_1090,2008-09-25 22:05:00,0
secom_1091,2008-09-25 23:04:00,0
secom_1092,2008-09-25 23:48:00,0
secom_1093,2008-09-26 00:19:00,0
secom_1094,2008-09-26 01:21:00,0
secom_1095,2008-09-26 02:26:00,0
secom_1096,2008-09-26 03:12:00,0
secom_1097,2008-09-26 03:29:00,0
secom_1098,2008-09-26 04:14:00,0
secom_1099,2008-09-26 05:32:00,0
secom_1100,2008-09-26 11:08:00,0
secom_1101,2008-09-26 13:36:00,0
secom_1102,2008-09-26 13:45:00,0
secom_1103,2008-09-26 14:20:00,0
secom_1104,2008-09-26 14:51:00,0
secom_1105,2008-09-26 15:06:00,0
secom_1106,2008-09-26 15:36:00,0
secom_1107,2008-09-26 15:49:00,0
secom_1108,2008-09-26 16:31:00,0
secom_1109,2008-09-26 17:59:00,0
secom_1110,2008-09-26 18:54:00,0
secom_1111,2008-09-26 19:38:00,0
secom_1112,2008-09-26 19:45:00,0
secom_1113,2008-09-26 19:55:00,0
secom_1114,2008-09-26 20:23:00,0
secom_1115,2008-09-26 20:31:00,0
secom_1116,2008-09-27 00:16:00,0
secom_1117,2008-09-27 00:17:00,0
secom_1118,2008-09-27 01:29:00,0
secom_1119,2008-09-27 03:53:00,0
secom_1120,2008-09-27 10:10:00,0
secom_1121,2008-09-27 10:13:00,0
secom_1122,2008-09-27 11:04:00,0
secom_1123,2008-09-27 11:45:00,0
secom_1124,2008-09-27 11:54:00,0
secom_1125,2008-09-27 12:26:00,0
secom_1126,2008-09-27 12:28:00,0
secom_1127,2008-09-27 12:36:00,0
secom_1128,2008-09-27 13:14:00,0
secom_1129,2008-09-27 13:19:00,0
secom_1130,2008-09-27 14:01:00,0
secom_1131,2008-09-27 14:05:00,0
secom_1132,2008-09-27 14:46:00,0
secom_1133,2008-09-27 15:09:00,0
secom_1134,2008-09-27 15:30:00,0
secom_1135,2008-09-27 16:13:00,0
secom_1136,2008-09-27 17:26:00,0
secom_1137,2008-09-27 18:14:00,0
secom_1138,2008-09-27 19:16:00,0
secom_1139,2008-09-27 20:46:00,0
secom_1140,2008-09-27 21:45:00,0
secom_1141,2008-09-28 00:51:00,0
secom_1142,2008-09-28 01:22:00,0
secom_1143,2008-09-28 03:55:00,0
secom_1144,2008-09-28 04:45:00,1
secom_1145,2008-09-28 05:31:00,0
secom_1146,2008-09-28 06:22:00,0
secom_1147,2008-09-28 07:38:00,0
secom_1148,2008-09-28 07:52:00,0
secom_1149,2008-09-28 08:40:00,0
secom_1150,2008-09-28 08:41:00,0
secom_1151,2008-09-28 09:50:00,1
secom_1152,2008-09-28 17:05:00,0
secom_1153,2008-09-28 17:06:00,0
secom_1154,2008-09-28 17:49:00,0
secom_1155,2008-09-28 17:55:00,0
secom_1156,2008-09-28 18:34:00,0
secom_1157,2008-09-28 18:43:00,0
secom_1158,2008-09-28 19:18:00,0
secom_1159,2008-09-28 19:29:00,0
secom_1160,2008-09-28 20:02:00,0
secom_1161,2008-09-28 20:42:00,0
secom_1162,2008-09-28 21:08:00,0
secom_1163,2008-09-28 21:27:00,0
secom_1164,2008-09-28 22:44:00,0
secom_1165,2008-09-28 23:54:00,0
secom_1166,2008-09-29 02:06:00,0
secom_1167,2008-09-29 03:07:00,0
secom_1168,2008-09-29 03:50:00,0
secom_1169,2008-09-29 04:18:00,0
secom_1170,2008-09-29 04:47:00,0
secom_1171,2008-09-29 05:32:00,0
secom_1172,2008-09-29 07:53:00,0
secom_1173,2008-09-29 09:15:00,0
secom_1174,2008-09-29 11:13:00,0
